"","colour","x","y","ymin","ymax","se","flipped_aes","group","PANEL","fill","size","linetype","weight","alpha"
"1","#F8766D",0,94.8087813626338,76.0677242916366,113.549838433631,9.53856962175017,FALSE,1,"1","grey60",1,1,1,0.4
"2","#F8766D",1.26329113924051,94.8450097939695,77.6125770575015,112.077442530438,8.77073042284808,FALSE,1,"1","grey60",1,1,1,0.4
"3","#F8766D",2.52658227848101,94.8799289025845,79.0551113412993,110.70474646387,8.05430149900194,FALSE,1,"1","grey60",1,1,1,0.4
"4","#F8766D",3.78987341772152,94.9134918126527,80.388909642496,109.438073982809,7.39252528456757,FALSE,1,"1","grey60",1,1,1,0.4
"5","#F8766D",5.05316455696203,94.945651648348,81.6072306784211,108.284072618275,6.78880900815112,FALSE,1,"1","grey60",1,1,1,0.4
"6","#F8766D",6.31645569620253,94.9763615338443,82.7033170828514,107.249405984837,6.24656808434773,FALSE,1,"1","grey60",1,1,1,0.4
"7","#F8766D",7.57974683544304,95.0055745933155,83.6709346630763,106.340214523555,5.76895164997773,FALSE,1,"1","grey60",1,1,1,0.4
"8","#F8766D",8.84303797468355,95.0332439509355,84.5051922501312,105.56129565174,5.35842528780922,FALSE,1,"1","grey60",1,1,1,0.4
"9","#F8766D",10.1063291139241,95.0593227308783,85.2036174278227,104.915028033934,5.01622351655566,FALSE,1,"1","grey60",1,1,1,0.4
"10","#F8766D",11.3696202531646,95.0837640573177,85.7673249965299,104.400203118105,4.74175508198209,FALSE,1,"1","grey60",1,1,1,0.4
"11","#F8766D",12.6329113924051,95.1065190081932,86.2019729171224,104.011065099264,4.53211537204089,FALSE,1,"1","grey60",1,1,1,0.4
"12","#F8766D",13.8962025316456,95.1274994348909,86.5187969921064,103.736201877675,4.38154087532807,FALSE,1,"1","grey60",1,1,1,0.4
"13","#F8766D",15.1594936708861,95.1467592433154,86.7320562332257,103.561462253405,4.28280166929887,FALSE,1,"1","grey60",1,1,1,0.4
"14","#F8766D",16.4227848101266,95.1644099478724,86.8569697990623,103.471850096683,4.22820846965873,FALSE,1,"1","grey60",1,1,1,0.4
"15","#F8766D",17.6860759493671,95.1805630629675,86.9091244072139,103.452001718721,4.20988491689935,FALSE,1,"1","grey60",1,1,1,0.4
"16","#F8766D",18.9493670886076,95.1953301030062,86.9036410631074,103.487019142905,4.22019168339095,FALSE,1,"1","grey60",1,1,1,0.4
"17","#F8766D",20.2126582278481,95.2088225823942,86.8545337024418,103.563111462347,4.25205290287283,FALSE,1,"1","grey60",1,1,1,0.4
"18","#F8766D",21.4759493670886,95.2211520155371,86.7743245692391,103.667979461835,4.29915193012838,FALSE,1,"1","grey60",1,1,1,0.4
"19","#F8766D",22.7392405063291,95.2324299168406,86.6738921225876,103.790967711094,4.35600875135263,FALSE,1,"1","grey60",1,1,1,0.4
"20","#F8766D",24.0025316455696,95.2427678007102,86.5624799755921,103.923055625828,4.41797543452625,FALSE,1,"1","grey60",1,1,1,0.4
"21","#F8766D",25.2658227848101,95.2520220451488,86.4505379729767,104.053506117321,4.47966026030953,FALSE,1,"1","grey60",1,1,1,0.4
"22","#F8766D",26.5291139240506,95.2577475016816,86.368863725798,104.146631277565,4.52414377880127,FALSE,1,"1","grey60",1,1,1,0.4
"23","#F8766D",27.7924050632911,95.2598860571741,86.3112796370279,104.20849247732,4.55454060210401,FALSE,1,"1","grey60",1,1,1,0.4
"24","#F8766D",29.0556962025316,95.2591684789471,86.2579972158046,104.26033974209,4.58129434457847,FALSE,1,"1","grey60",1,1,1,0.4
"25","#F8766D",30.3189873417722,95.2563255343212,86.1914806308268,104.321170437816,4.61370209240538,FALSE,1,"1","grey60",1,1,1,0.4
"26","#F8766D",31.5822784810127,95.2520879906169,86.1016629321626,104.402513049071,4.65725952159593,FALSE,1,"1","grey60",1,1,1,0.4
"27","#F8766D",32.8455696202532,95.2471866151551,85.9890276375747,104.505345592735,4.71209247388429,FALSE,1,"1","grey60",1,1,1,0.4
"28","#F8766D",34.1088607594937,95.2423521752562,85.8652925134423,104.61941183707,4.77260893516709,FALSE,1,"1","grey60",1,1,1,0.4
"29","#F8766D",35.3721518987342,95.238315438241,85.7518253338895,104.724805542593,4.82830536098392,FALSE,1,"1","grey60",1,1,1,0.4
"30","#F8766D",36.6354430379747,95.2358071714301,85.676366239968,104.795248102892,4.86543488578724,FALSE,1,"1","grey60",1,1,1,0.4
"31","#F8766D",37.8987341772152,95.2353400276154,85.6723050666306,104.7983749886,4.86726412629883,FALSE,1,"1","grey60",1,1,1,0.4
"32","#F8766D",39.1620253164557,95.2353397375641,85.7743274103973,104.696352064731,4.81533802672078,FALSE,1,"1","grey60",1,1,1,0.4
"33","#F8766D",40.4253164556962,95.2353385608144,85.9338447973517,104.536832324277,4.73414842679111,FALSE,1,"1","grey60",1,1,1,0.4
"34","#F8766D",41.6886075949367,95.2353367464004,86.0868160076668,104.383857485134,4.65629028671394,FALSE,1,"1","grey60",1,1,1,0.4
"35","#F8766D",42.9518987341772,95.2353345433563,86.1795142683492,104.291154818363,4.60910885912028,FALSE,1,"1","grey60",1,1,1,0.4
"36","#F8766D",44.2151898734177,95.2353322007162,86.18077661849,104.289887782942,4.60846517290261,FALSE,1,"1","grey60",1,1,1,0.4
"37","#F8766D",45.4784810126582,95.2353299675142,86.0901822311955,104.380477703833,4.65457354158868,FALSE,1,"1","grey60",1,1,1,0.4
"38","#F8766D",46.7417721518987,95.2353280927847,85.9381690603647,104.532487125205,4.73194219404308,FALSE,1,"1","grey60",1,1,1,0.4
"39","#F8766D",48.0050632911392,95.2353268255616,85.7780244965682,104.692629154555,4.81344976205466,FALSE,1,"1","grey60",1,1,1,0.4
"40","#F8766D",49.2683544303798,95.2353264148793,85.6736839043347,104.796968925424,4.8665554157166,FALSE,1,"1","grey60",1,1,1,0.4
"41","#F8766D",50.5316455696203,95.2353267957575,85.6837390839905,104.786914507525,4.86143786029755,FALSE,1,"1","grey60",1,1,1,0.4
"42","#F8766D",51.7949367088608,95.2353267639381,85.8011871267102,104.669466401166,4.80166072864018,FALSE,1,"1","grey60",1,1,1,0.4
"43","#F8766D",53.0582278481013,95.2353262607554,85.9656040360289,104.505048485482,4.71797777894147,FALSE,1,"1","grey60",1,1,1,0.4
"44","#F8766D",54.3215189873418,95.2353253890307,86.1149707837628,104.355679994299,4.64195466925005,FALSE,1,"1","grey60",1,1,1,0.4
"45","#F8766D",55.5848101265823,95.2353242515853,86.1988635678551,104.271784935315,4.59925547632845,FALSE,1,"1","grey60",1,1,1,0.4
"46","#F8766D",56.8481012658228,95.2353229512405,86.189945962144,104.280699940337,4.60379357677733,FALSE,1,"1","grey60",1,1,1,0.4
"47","#F8766D",58.1113924050633,95.2353215908178,86.0911038675924,104.379539314043,4.65410019610946,FALSE,1,"1","grey60",1,1,1,0.4
"48","#F8766D",59.3746835443038,95.2353202731383,85.9346588847908,104.535981661486,4.73372477576881,FALSE,1,"1","grey60",1,1,1,0.4
"49","#F8766D",60.6379746835443,95.2353191010235,85.7740916620546,104.696546539992,4.8154475114149,FALSE,1,"1","grey60",1,1,1,0.4
"50","#F8766D",61.9012658227848,95.2353181772947,85.6722274053484,104.798408949241,4.86729253220683,FALSE,1,"1","grey60",1,1,1,0.4
"51","#F8766D",63.1645569620253,95.2379708624736,85.6788501473105,104.797091577637,4.86527190642858,FALSE,1,"1","grey60",1,1,1,0.4
"52","#F8766D",64.4278481012658,95.2522733233106,85.7675230524147,104.737023594207,4.8274198440953,FALSE,1,"1","grey60",1,1,1,0.4
"53","#F8766D",65.6911392405063,95.2754779171942,85.9016438748731,104.649311959515,4.77096720300708,FALSE,1,"1","grey60",1,1,1,0.4
"54","#F8766D",66.9544303797468,95.3036046008226,86.0492365985283,104.557972603117,4.71016299458312,FALSE,1,"1","grey60",1,1,1,0.4
"55","#F8766D",68.2177215189873,95.3326733308945,86.1852014429195,104.480145218869,4.65575645684798,FALSE,1,"1","grey60",1,1,1,0.4
"56","#F8766D",69.4810126582279,95.3587040641083,86.2947688074461,104.422639320771,4.61323911267018,FALSE,1,"1","grey60",1,1,1,0.4
"57","#F8766D",70.7443037974684,95.3777167571627,86.3750732806959,104.380360233629,4.58204365179407,FALSE,1,"1","grey60",1,1,1,0.4
"58","#F8766D",72.0075949367089,95.385731366756,86.4342393568036,104.337223376708,4.5560092705554,FALSE,1,"1","grey60",1,1,1,0.4
"59","#F8766D",73.2708860759494,95.3787678495868,86.4878791360489,104.269656563125,4.52516422483746,FALSE,1,"1","grey60",1,1,1,0.4
"60","#F8766D",74.5341772151899,95.3528461623536,86.5533103761528,104.152381948554,4.47866864808031,FALSE,1,"1","grey60",1,1,1,0.4
"61","#F8766D",75.7974683544304,95.3106169007936,86.6332624546051,103.987971346982,4.41648244301346,FALSE,1,"1","grey60",1,1,1,0.4
"62","#F8766D",77.0607594936709,95.2639714055026,86.7075204059847,103.82042240502,4.35494664280709,FALSE,1,"1","grey60",1,1,1,0.4
"63","#F8766D",78.3240506329114,95.2125650070076,86.7671369948617,103.657993019154,4.29843966507097,FALSE,1,"1","grey60",1,1,1,0.4
"64","#F8766D",79.5873417721519,95.1556056476049,86.8021808957331,103.509030399477,4.25161309065584,FALSE,1,"1","grey60",1,1,1,0.4
"65","#F8766D",80.8506329113924,95.0923012695905,86.8010866126111,103.38351592657,4.21995023839204,FALSE,1,"1","grey60",1,1,1,0.4
"66","#F8766D",82.1139240506329,95.0218598152607,86.7506393393722,103.293080291149,4.20977387066407,FALSE,1,"1","grey60",1,1,1,0.4
"67","#F8766D",83.3772151898734,94.9434892269116,86.6361235127486,103.250854941075,4.22817058491932,FALSE,1,"1","grey60",1,1,1,0.4
"68","#F8766D",84.6405063291139,94.8563974468395,86.4417074229395,103.27108747074,4.28279505976374,FALSE,1,"1","grey60",1,1,1,0.4
"69","#F8766D",85.9037974683544,94.7597924173405,86.1510887412537,103.368496093427,4.3815415030376,FALSE,1,"1","grey60",1,1,1,0.4
"70","#F8766D",87.1670886075949,94.6528820807109,85.7483358901642,103.557428271257,4.53211542267076,FALSE,1,"1","grey60",1,1,1,0.4
"71","#F8766D",88.4303797468354,94.535321805705,85.2188827449171,103.851760866493,4.74175508198209,FALSE,1,"1","grey60",1,1,1,0.4
"72","#F8766D",89.6936708860759,94.4078327790595,84.552127476004,104.263538082115,5.01622351655566,FALSE,1,"1","grey60",1,1,1,0.4
"73","#F8766D",90.9569620253165,94.2708011821907,83.7427494813863,104.798852882995,5.35842528780922,FALSE,1,"1","grey60",1,1,1,0.4
"74","#F8766D",92.220253164557,94.124596917675,82.7899569874358,105.459236847914,5.76895164997774,FALSE,1,"1","grey60",1,1,1,0.4
"75","#F8766D",93.4835443037975,93.9695898880895,81.6965454370966,106.242634339082,6.24656808434774,FALSE,1,"1","grey60",1,1,1,0.4
"76","#F8766D",94.746835443038,93.806149996011,80.4677290260841,107.144570965938,6.78880900815114,FALSE,1,"1","grey60",1,1,1,0.4
"77","#F8766D",96.0101265822785,93.6346471440163,79.1100649738596,108.159229314173,7.39252528456758,FALSE,1,"1","grey60",1,1,1,0.4
"78","#F8766D",97.273417721519,93.4554512346823,77.630633673397,109.280268795968,8.05430149900196,FALSE,1,"1","grey60",1,1,1,0.4
"79","#F8766D",98.5367088607595,93.2689321705857,76.0364994341176,110.501364907054,8.7707304228481,FALSE,1,"1","grey60",1,1,1,0.4
"80","#F8766D",99.8,93.0754598543034,74.3344027833062,111.816516925301,9.53856962175018,FALSE,1,"1","grey60",1,1,1,0.4
"81","#CD9600",0,275.790933386698,239.778213746761,311.803653026634,18.3292667138665,FALSE,2,"1","grey60",1,1,1,0.4
"82","#CD9600",1.26329113924051,277.037717207026,243.923962390448,310.151472023603,16.8537908272151,FALSE,2,"1","grey60",1,1,1,0.4
"83","#CD9600",2.52658227848101,278.23965110844,247.830762430029,308.648539786851,15.4771046627863,FALSE,2,"1","grey60",1,1,1,0.4
"84","#CD9600",3.78987341772152,279.394586349948,251.484223364578,307.304949335318,14.2054388658935,FALSE,2,"1","grey60",1,1,1,0.4
"85","#CD9600",5.05316455696203,280.500374190558,254.86933251507,306.131415866045,13.0453407496406,FALSE,2,"1","grey60",1,1,1,0.4
"86","#CD9600",6.31645569620253,281.554865889276,257.971046296405,305.138685482146,12.0033733572862,FALSE,2,"1","grey60",1,1,1,0.4
"87","#CD9600",7.57974683544304,282.55591270511,260.775326451038,304.336498959181,11.0855880540756,FALSE,2,"1","grey60",1,1,1,0.4
"88","#CD9600",8.84303797468355,283.501365897067,263.270715468999,303.732016325135,10.2967226912751,FALSE,2,"1","grey60",1,1,1,0.4
"89","#CD9600",10.1063291139241,284.389076724155,265.450403703301,303.327749745009,9.63914951374522,FALSE,2,"1","grey60",1,1,1,0.4
"90","#CD9600",11.3696202531646,285.216896445381,267.314474684022,303.119318206741,9.11173237036504,FALSE,2,"1","grey60",1,1,1,0.4
"91","#CD9600",12.6329113924051,285.982586244212,268.871655911745,303.093516576679,8.70888977344485,FALSE,2,"1","grey60",1,1,1,0.4
"92","#CD9600",13.8962025316456,286.682154753876,270.139716066391,303.224593441361,8.41954658887951,FALSE,2,"1","grey60",1,1,1,0.4
"93","#CD9600",15.1594936708861,287.317791571098,271.148141203582,303.487441938614,8.22980983439822,FALSE,2,"1","grey60",1,1,1,0.4
"94","#CD9600",16.4227848101266,287.894209995325,271.930675394727,303.857744595923,8.12490382053574,FALSE,2,"1","grey60",1,1,1,0.4
"95","#CD9600",17.6860759493671,288.416123326004,272.521769010763,304.310477641245,8.08969337505067,FALSE,2,"1","grey60",1,1,1,0.4
"96","#CD9600",18.9493670886076,288.888244862582,272.954977512497,304.821512212668,8.10949880494987,FALSE,2,"1","grey60",1,1,1,0.4
"97","#CD9600",20.2126582278481,289.315287904506,273.261729021194,305.368846787817,8.1707231617319,FALSE,2,"1","grey60",1,1,1,0.4
"98","#CD9600",21.4759493670886,289.701965751221,273.470585231004,305.933346271437,8.26122841217974,FALSE,2,"1","grey60",1,1,1,0.4
"99","#CD9600",22.7392405063291,290.052991702175,273.606949147339,306.499034257011,8.37048418972794,FALSE,2,"1","grey60",1,1,1,0.4
"100","#CD9600",24.0025316455696,290.373079056814,273.693082263907,307.053075849722,8.48955905192457,FALSE,2,"1","grey60",1,1,1,0.4
"101","#CD9600",25.2658227848101,290.658291259199,273.745404376366,307.571178142032,8.60809229839813,FALSE,2,"1","grey60",1,1,1,0.4
"102","#CD9600",26.5291139240506,290.8263897756,273.745556068079,307.907223483122,8.69357160055128,FALSE,2,"1","grey60",1,1,1,0.4
"103","#CD9600",27.7924050632911,290.875518895238,273.679922459241,308.071115331235,8.75198198110768,FALSE,2,"1","grey60",1,1,1,0.4
"104","#CD9600",29.0556962025316,290.830510012646,273.533905242563,308.127114782728,8.80339183613357,FALSE,2,"1","grey60",1,1,1,0.4
"105","#CD9600",30.3189873417722,290.716194522356,273.297234809873,308.135154234839,8.86566639899471,FALSE,2,"1","grey60",1,1,1,0.4
"106","#CD9600",31.5822784810127,290.557403818902,272.973993717327,308.140813920477,8.94936613267212,FALSE,2,"1","grey60",1,1,1,0.4
"107","#CD9600",32.8455696202532,290.378969296818,272.588538245971,308.169400347665,9.05473285400006,FALSE,2,"1","grey60",1,1,1,0.4
"108","#CD9600",34.1088607594937,290.205722350636,272.186812351665,308.224632349606,9.17102097721116,FALSE,2,"1","grey60",1,1,1,0.4
"109","#CD9600",35.3721518987342,290.062494374889,271.833303395916,308.291685353862,9.27804694486548,FALSE,2,"1","grey60",1,1,1,0.4
"110","#CD9600",36.6354430379747,289.974116764111,271.604743848,308.343489680223,9.34939485027127,FALSE,2,"1","grey60",1,1,1,0.4
"111","#CD9600",37.8987341772152,289.957775178981,271.581495994077,308.334054363884,9.35290990950449,FALSE,2,"1","grey60",1,1,1,0.4
"112","#CD9600",39.1620253164557,289.957760827448,271.777527815111,308.137993839785,9.25312898151225,FALSE,2,"1","grey60",1,1,1,0.4
"113","#CD9600",40.4253164556962,289.957645845161,272.083942890882,307.83134879944,9.09711546056361,FALSE,2,"1","grey60",1,1,1,0.4
"114","#CD9600",41.6886075949367,289.9574561112,272.377705340684,307.537206881716,8.94750365586848,FALSE,2,"1","grey60",1,1,1,0.4
"115","#CD9600",42.9518987341772,289.957217504647,272.555599472216,307.358835537078,8.8568400653514,FALSE,2,"1","grey60",1,1,1,0.4
"116","#CD9600",44.2151898734177,289.956955904583,272.557768099346,307.356143709819,8.85560316119998,FALSE,2,"1","grey60",1,1,1,0.4
"117","#CD9600",45.4784810126582,289.956697190089,272.383427963802,307.529966416376,8.94420476719561,FALSE,2,"1","grey60",1,1,1,0.4
"118","#CD9600",46.7417721518987,289.956467240246,272.09109388302,307.821840597472,9.09287597497247,FALSE,2,"1","grey60",1,1,1,0.4
"119","#CD9600",48.0050632911392,289.956291934136,271.783188035358,308.129395832914,9.24950050176485,FALSE,2,"1","grey60",1,1,1,0.4
"120","#CD9600",49.2683544303798,289.95619715084,271.582593691597,308.329800610082,9.35154805486594,FALSE,2,"1","grey60",1,1,1,0.4
"121","#CD9600",50.5316455696203,289.956188111527,271.60190590231,308.310470320744,9.3417141864854,FALSE,2,"1","grey60",1,1,1,0.4
"122","#CD9600",51.7949367088608,289.956188385505,271.827593797034,308.084782973976,9.22684675531004,FALSE,2,"1","grey60",1,1,1,0.4
"123","#CD9600",53.0582278481013,289.956187958555,272.143537030995,307.768838886116,9.06604202616771,FALSE,2,"1","grey60",1,1,1,0.4
"124","#CD9600",54.3215189873418,289.956186964102,272.430560091933,307.48181383627,8.91995640649847,FALSE,2,"1","grey60",1,1,1,0.4
"125","#CD9600",55.5848101265823,289.95618553557,272.591768794953,307.320602276187,8.83790585525625,FALSE,2,"1","grey60",1,1,1,0.4
"126","#CD9600",56.8481012658228,289.956183806385,272.574633538872,307.337734073897,8.84662624592281,FALSE,2,"1","grey60",1,1,1,0.4
"127","#CD9600",58.1113924050633,289.95618190997,272.384699792098,307.527664027842,8.94329518893803,FALSE,2,"1","grey60",1,1,1,0.4
"128","#CD9600",59.3746835443038,289.956179979752,272.084076513247,307.828283446257,9.09630137492087,FALSE,2,"1","grey60",1,1,1,0.4
"129","#CD9600",60.6379746835443,289.956178149154,271.775531779075,308.136824519233,9.25333936674182,FALSE,2,"1","grey60",1,1,1,0.4
"130","#CD9600",61.9012658227848,289.956176551602,271.579790120639,308.332562982564,9.35296449415237,FALSE,2,"1","grey60",1,1,1,0.4
"131","#CD9600",63.1645569620253,289.961488473779,271.592730883674,308.330246063884,9.34908166996729,FALSE,2,"1","grey60",1,1,1,0.4
"132","#CD9600",64.4278481012658,289.990129402044,271.764281678162,308.215977125927,9.27634534013072,FALSE,2,"1","grey60",1,1,1,0.4
"133","#CD9600",65.6911392405063,290.036598735293,272.023887070282,308.049310400305,9.16786623306956,FALSE,2,"1","grey60",1,1,1,0.4
"134","#CD9600",66.9544303797468,290.092928031338,272.309781699257,307.876074363419,9.05102517642025,FALSE,2,"1","grey60",1,1,1,0.4
"135","#CD9600",68.2177215189873,290.151148847989,272.573413543738,307.728884152239,8.94647785112197,FALSE,2,"1","grey60",1,1,1,0.4
"136","#CD9600",69.4810126582279,290.203292743059,272.786081003287,307.620504482831,8.86477673949794,FALSE,2,"1","grey60",1,1,1,0.4
"137","#CD9600",70.7443037974684,290.241391274358,272.941957506664,307.540825042053,8.80483170105567,FALSE,2,"1","grey60",1,1,1,0.4
"138","#CD9600",72.0075949367089,290.2574759997,273.056334629055,307.458617370344,8.75480416690987,FALSE,2,"1","grey60",1,1,1,0.4
"139","#CD9600",73.2708860759494,290.243578476894,273.158892091407,307.328264862382,8.69553248444751,FALSE,2,"1","grey60",1,1,1,0.4
"140","#CD9600",74.5341772151899,290.191730263754,273.282587197301,307.100873330206,8.60618682139824,FALSE,2,"1","grey60",1,1,1,0.4
"141","#CD9600",75.7974683544304,290.107237802003,273.432877775079,306.781597828928,8.48669012705169,FALSE,2,"1","grey60",1,1,1,0.4
"142","#CD9600",77.0607594936709,290.013907087619,273.571874506898,306.45593966834,8.36844324736632,FALSE,2,"1","grey60",1,1,1,0.4
"143","#CD9600",78.3240506329114,289.911046217334,273.682354842644,306.139737592025,8.2598597272798,FALSE,2,"1","grey60",1,1,1,0.4
"144","#CD9600",79.5873417721519,289.797067580994,273.745169201792,305.848965960195,8.16987802081992,FALSE,2,"1","grey60",1,1,1,0.4
"145","#CD9600",80.8506329113924,289.670383568442,273.738027790154,305.60273934673,8.10903484547194,FALSE,2,"1","grey60",1,1,1,0.4
"146","#CD9600",82.1139240506329,289.529406569524,273.635471507598,305.42334163145,8.08947998917158,FALSE,2,"1","grey60",1,1,1,0.4
"147","#CD9600",83.3772151898734,289.372548974084,273.409157406723,305.335940541444,8.1248310214138,FALSE,2,"1","grey60",1,1,1,0.4
"148","#CD9600",84.6405063291139,289.198223171966,273.028597758645,305.367848585286,8.22979713354924,FALSE,2,"1","grey60",1,1,1,0.4
"149","#CD9600",85.9037974683544,289.004841553015,272.462400495622,305.547282610407,8.41954779508294,FALSE,2,"1","grey60",1,1,1,0.4
"150","#CD9600",87.1670886075949,288.790816507075,271.679885983455,305.901747030694,8.70888987073496,FALSE,2,"1","grey60",1,1,1,0.4
"151","#CD9600",88.4303797468354,288.555457381592,270.653035620232,306.457879142952,9.11173237036505,FALSE,2,"1","grey60",1,1,1,0.4
"152","#CD9600",89.6936708860759,288.300210116675,269.361537095821,307.238883137529,9.63914951374523,FALSE,2,"1","grey60",1,1,1,0.4
"153","#CD9600",90.9569620253165,288.025849019869,267.795198591801,308.256499447937,10.2967226912751,FALSE,2,"1","grey60",1,1,1,0.4
"154","#CD9600",92.220253164557,287.733115763878,265.952529509806,309.513702017949,11.0855880540756,FALSE,2,"1","grey60",1,1,1,0.4
"155","#CD9600",93.4835443037975,287.422752021406,263.838932428536,311.006571614276,12.0033733572862,FALSE,2,"1","grey60",1,1,1,0.4
"156","#CD9600",94.746835443038,287.095499465158,261.46445778967,312.726541140646,13.0453407496406,FALSE,2,"1","grey60",1,1,1,0.4
"157","#CD9600",96.0101265822785,286.752099767839,258.841736782468,314.662462753209,14.2054388658935,FALSE,2,"1","grey60",1,1,1,0.4
"158","#CD9600",97.273417721519,286.393294602152,255.98440592374,316.802183280563,15.4771046627863,FALSE,2,"1","grey60",1,1,1,0.4
"159","#CD9600",98.5367088607595,286.019825640802,252.906070824224,319.133580457379,16.8537908272151,FALSE,2,"1","grey60",1,1,1,0.4
"160","#CD9600",99.8,285.632434556493,249.619714916557,321.64515419643,18.3292667138665,FALSE,2,"1","grey60",1,1,1,0.4
"161","#7CAE00",0,73.6102675914583,26.92851990486,120.292015278057,23.7594442344814,FALSE,3,"1","grey60",1,1,1,0.4
"162","#7CAE00",1.26329113924051,73.2101843720348,30.2862407554823,116.134127988587,21.8468479699678,FALSE,3,"1","grey60",1,1,1,0.4
"163","#7CAE00",2.52658227848101,72.8244706938391,33.4067293261129,112.242212061565,20.0623085957121,FALSE,3,"1","grey60",1,1,1,0.4
"164","#7CAE00",3.78987341772152,72.4539112259154,36.2749018161522,108.632920635679,18.4139026306598,FALSE,3,"1","grey60",1,1,1,0.4
"165","#7CAE00",5.05316455696203,72.099290637308,38.8748679221475,105.323713352469,16.9101170766646,FALSE,3,"1","grey60",1,1,1,0.4
"166","#7CAE00",6.31645569620253,71.7613935970611,41.1906972784265,102.332089915696,15.5594593259068,FALSE,3,"1","grey60",1,1,1,0.4
"167","#7CAE00",7.57974683544304,71.4410047742191,43.2077626824103,99.6742468660278,14.3697735042496,FALSE,3,"1","grey60",1,1,1,0.4
"168","#7CAE00",8.84303797468355,71.138908837826,44.9147822441889,97.3630354314631,13.3472010855836,FALSE,3,"1","grey60",1,1,1,0.4
"169","#7CAE00",10.1063291139241,70.8558904569262,46.3064988997814,95.405282014071,12.4948171094264,FALSE,3,"1","grey60",1,1,1,0.4
"170","#7CAE00",11.3696202531646,70.592734300564,47.3865909157115,93.7988776854165,11.8111488316894,FALSE,3,"1","grey60",1,1,1,0.4
"171","#7CAE00",12.6329113924051,70.3502576927236,48.1700907836575,92.5304246017897,11.2889612086811,FALSE,3,"1","grey60",1,1,1,0.4
"172","#7CAE00",13.8962025316456,70.1299207382848,48.6866652260341,91.5731762505356,10.913898017904,FALSE,3,"1","grey60",1,1,1,0.4
"173","#7CAE00",15.1594936708861,69.9309635993508,48.9709376367507,90.8909895619508,10.6679503808433,FALSE,3,"1","grey60",1,1,1,0.4
"174","#7CAE00",16.4227848101266,69.7517150486955,49.0588681362115,90.4445619611795,10.5319652034144,FALSE,3,"1","grey60",1,1,1,0.4
"175","#7CAE00",17.6860759493671,69.590503859093,48.9873323906803,90.1936753275057,10.48632340939,FALSE,3,"1","grey60",1,1,1,0.4
"176","#7CAE00",18.9493670886076,69.4456588033172,48.7920460327067,90.0992715739277,10.5119963408048,FALSE,3,"1","grey60",1,1,1,0.4
"177","#7CAE00",20.2126582278481,69.3155086541422,48.5059671156115,90.1250501926729,10.5913588550539,FALSE,3,"1","grey60",1,1,1,0.4
"178","#7CAE00",21.4759493670886,69.1983821843419,48.1583380658841,90.2384263027997,10.7086769389965,FALSE,3,"1","grey60",1,1,1,0.4
"179","#7CAE00",22.7392405063291,69.0926081666903,47.7743068369416,90.410909496439,10.8503005289892,FALSE,3,"1","grey60",1,1,1,0.4
"180","#7CAE00",24.0025316455696,68.9965153739615,47.3749491749927,90.6180815729302,11.004652178308,FALSE,3,"1","grey60",1,1,1,0.4
"181","#7CAE00",25.2658227848101,68.9111924743501,46.9877408158738,90.8346441328264,11.1583017543377,FALSE,3,"1","grey60",1,1,1,0.4
"182","#7CAE00",26.5291139240506,68.8627591171766,46.7216051753612,91.003913058992,11.269104916538,FALSE,3,"1","grey60",1,1,1,0.4
"183","#7CAE00",27.7924050632911,68.851781449351,46.5618654926674,91.1416974060346,11.3448197938001,FALSE,3,"1","grey60",1,1,1,0.4
"184","#7CAE00",29.0556962025316,68.8703206660723,46.4494719274947,91.2911694046499,11.4114601893303,FALSE,3,"1","grey60",1,1,1,0.4
"185","#7CAE00",30.3189873417722,68.9104379625395,46.3309857470112,91.4898901780679,11.4921840407873,FALSE,3,"1","grey60",1,1,1,0.4
"186","#7CAE00",31.5822784810127,68.9641945339517,46.1715723149552,91.7568167529483,11.6006804245103,FALSE,3,"1","grey60",1,1,1,0.4
"187","#7CAE00",32.8455696202532,69.0236515755078,45.9626769572375,92.0846261937781,11.7372627973156,FALSE,3,"1","grey60",1,1,1,0.4
"188","#7CAE00",34.1088607594937,69.0808702824068,45.7237281790192,92.4380123857943,11.8880021161165,FALSE,3,"1","grey60",1,1,1,0.4
"189","#7CAE00",35.3721518987342,69.1279118498477,45.4981915088281,92.7576321908672,12.0267352989448,FALSE,3,"1","grey60",1,1,1,0.4
"190","#7CAE00",36.6354430379747,69.1568374730295,45.3454052844977,92.9682696615612,12.1192205361449,FALSE,3,"1","grey60",1,1,1,0.4
"191","#7CAE00",37.8987341772152,69.1621948565729,45.3418103672869,92.982579345859,12.1237769570392,FALSE,3,"1","grey60",1,1,1,0.4
"192","#7CAE00",39.1620253164557,69.1621962932861,45.5959380697794,92.7284545167929,11.9944352091502,FALSE,3,"1","grey60",1,1,1,0.4
"193","#7CAE00",40.4253164556962,69.1622000691435,45.9932836451924,92.3311164930946,11.7922015568895,FALSE,3,"1","grey60",1,1,1,0.4
"194","#7CAE00",41.6886075949367,69.1622055912983,46.3743268065906,91.950084376006,11.5982661755147,FALSE,3,"1","grey60",1,1,1,0.4
"195","#7CAE00",42.9518987341772,69.1622122669039,46.6052393292739,91.7191852045338,11.4807428421149,FALSE,3,"1","grey60",1,1,1,0.4
"196","#7CAE00",44.2151898734177,69.1622195031134,46.6083967650201,91.7160422412067,11.4791394961836,FALSE,3,"1","grey60",1,1,1,0.4
"197","#7CAE00",45.4784810126582,69.1622267070801,46.3827496708481,91.9417037433122,11.5939899672691,FALSE,3,"1","grey60",1,1,1,0.4
"198","#7CAE00",46.7417721518987,69.1622332859573,46.0041141622897,92.3203524096249,11.7867060931016,FALSE,3,"1","grey60",1,1,1,0.4
"199","#7CAE00",48.0050632911392,69.1622386468982,45.6052215882836,92.7192557055129,11.9897317660959,FALSE,3,"1","grey60",1,1,1,0.4
"200","#7CAE00",49.2683544303798,69.1622421970562,45.3453261364648,92.9791582576476,12.1220116431374,FALSE,3,"1","grey60",1,1,1,0.4
"201","#7CAE00",50.5316455696203,69.1622432871541,45.3703725363228,92.9541140379855,12.1092644202919,FALSE,3,"1","grey60",1,1,1,0.4
"202","#7CAE00",51.7949367088608,69.1622415677348,45.6629200237672,92.6615631117023,11.9603666837935,FALSE,3,"1","grey60",1,1,1,0.4
"203","#7CAE00",53.0582278481013,69.1622375687927,46.0724602750027,92.2520148625828,11.7519223933404,FALSE,3,"1","grey60",1,1,1,0.4
"204","#7CAE00",54.3215189873418,69.162231885177,46.4445115942392,91.8799521761149,11.562557854749,FALSE,3,"1","grey60",1,1,1,0.4
"205","#7CAE00",55.5848101265823,69.1622251117364,46.65347461705,91.6709756064228,11.4561992356574,FALSE,3,"1","grey60",1,1,1,0.4
"206","#7CAE00",56.8481012658228,69.1622178433197,46.6312578907658,91.6931777958737,11.4675031049818,FALSE,3,"1","grey60",1,1,1,0.4
"207","#7CAE00",58.1113924050633,69.1622106747759,46.3850501907215,91.9393711588302,11.5928109198895,FALSE,3,"1","grey60",1,1,1,0.4
"208","#7CAE00",59.3746835443038,69.1622042009537,45.9953611245708,92.3290472773365,11.791146292501,FALSE,3,"1","grey60",1,1,1,0.4
"209","#7CAE00",60.6379746835443,69.162199016702,45.5954049752405,92.7289930581636,11.994707922522,FALSE,3,"1","grey60",1,1,1,0.4
"210","#7CAE00",61.9012658227848,69.1621957168697,45.3416722091057,92.9827192246337,12.1238477127829,FALSE,3,"1","grey60",1,1,1,0.4
"211","#7CAE00",63.1645569620253,69.1675722052887,45.3569376375325,92.9782067730449,12.1188145739161,FALSE,3,"1","grey60",1,1,1,0.4
"212","#7CAE00",64.4278481012658,69.1965573443277,45.5711707218431,92.8219439668122,12.0245295815293,FALSE,3,"1","grey60",1,1,1,0.4
"213","#7CAE00",65.6911392405063,69.2435740978853,45.8944666296162,92.5926815661544,11.8839127562595,FALSE,3,"1","grey60",1,1,1,0.4
"214","#7CAE00",66.9544303797468,69.3005475104961,46.2490157614898,92.3520792595025,11.7324566934997,FALSE,3,"1","grey60",1,1,1,0.4
"215","#7CAE00",68.2177215189873,69.3594026266946,46.5741364046769,92.1446688487123,11.5969364687103,FALSE,3,"1","grey60",1,1,1,0.4
"216","#7CAE00",69.4810126582279,69.4120644910152,46.8348780977264,91.989250884304,11.4910308132452,FALSE,3,"1","grey60",1,1,1,0.4
"217","#7CAE00",70.7443037974684,69.4504581479924,47.0259423008476,91.8749739951371,11.4133266246251,FALSE,3,"1","grey60",1,1,1,0.4
"218","#7CAE00",72.0075949367089,69.4665086421605,47.1694050239299,91.763612260391,11.34847807251,FALSE,3,"1","grey60",1,1,1,0.4
"219","#7CAE00",73.2708860759494,69.452141018054,47.3059930146259,91.5982890214822,11.2716467264375,FALSE,3,"1","grey60",1,1,1,0.4
"220","#7CAE00",74.5341772151899,69.3992803202075,47.4806816107291,91.3178790296859,11.1558317660274,FALSE,3,"1","grey60",1,1,1,0.4
"221","#7CAE00",75.7974683544304,69.3133059009792,47.6990464005892,90.9275654013692,11.0009333137405,FALSE,3,"1","grey60",1,1,1,0.4
"222","#7CAE00",77.0607594936709,69.2183525642451,47.9052491923773,90.5314559361128,10.8476549427263,FALSE,3,"1","grey60",1,1,1,0.4
"223","#7CAE00",78.3240506329114,69.1137311345333,48.0771728403673,90.1502894286994,10.7069027713191,FALSE,3,"1","grey60",1,1,1,0.4
"224","#7CAE00",79.5873417721519,68.9978447040371,48.1904556059411,89.8052338021331,10.5902633350486,FALSE,3,"1","grey60",1,1,1,0.4
"225","#7CAE00",80.8506329113924,68.8690963649494,48.2166652258587,89.52152750404,10.5113949299838,FALSE,3,"1","grey60",1,1,1,0.4
"226","#7CAE00",82.1139240506329,68.7258892094633,48.1232612011859,89.3285172177407,10.4860468064045,FALSE,3,"1","grey60",1,1,1,0.4
"227","#7CAE00",83.3772151898734,68.5666263297718,47.8739648251547,89.2592878343889,10.5318708370273,FALSE,3,"1","grey60",1,1,1,0.4
"228","#7CAE00",84.6405063291139,68.389710818068,47.4297172025245,89.3497044336114,10.6679339172762,FALSE,3,"1","grey60",1,1,1,0.4
"229","#7CAE00",85.9037974683544,68.1935457665449,46.7502871822845,89.6368043508053,10.9138995814539,FALSE,3,"1","grey60",1,1,1,0.4
"230","#7CAE00",87.1670886075949,67.9765342673955,45.7963671105469,90.1567014242442,11.2889613347941,FALSE,3,"1","grey60",1,1,1,0.4
"231","#7CAE00",88.4303797468354,67.7379808067949,44.5318374219424,90.9441241916475,11.8111488316894,FALSE,3,"1","grey60",1,1,1,0.4
"232","#7CAE00",89.6936708860759,67.4793373487075,42.9299457915627,92.0287289058524,12.4948171094264,FALSE,3,"1","grey60",1,1,1,0.4
"233","#7CAE00",90.9569620253165,67.201381159702,40.9772545660648,93.4255077533391,13.3472010855836,FALSE,3,"1","grey60",1,1,1,0.4
"234","#7CAE00",92.220253164557,66.9048567133673,38.6716146215585,95.1380988051761,14.3697735042496,FALSE,3,"1","grey60",1,1,1,0.4
"235","#7CAE00",93.4835443037975,66.5905084832927,36.019812164658,97.1612048019274,15.5594593259068,FALSE,3,"1","grey60",1,1,1,0.4
"236","#7CAE00",94.746835443038,66.2590809430671,33.0346582279066,99.4835036582277,16.9101170766647,FALSE,3,"1","grey60",1,1,1,0.4
"237","#7CAE00",96.0101265822785,65.9113185662798,29.7323091565164,102.090327976043,18.4139026306599,FALSE,3,"1","grey60",1,1,1,0.4
"238","#7CAE00",97.273417721519,65.5479658265197,26.1302244587933,104.965707194246,20.0623085957122,FALSE,3,"1","grey60",1,1,1,0.4
"239","#7CAE00",98.5367088607595,65.1697671973759,22.2458235808232,108.093710813929,21.8468479699678,FALSE,3,"1","grey60",1,1,1,0.4
"240","#7CAE00",99.8,64.7774671524376,18.0957194658393,111.459214839036,23.7594442344815,FALSE,3,"1","grey60",1,1,1,0.4
"241","#00BE67",0,160.866853056321,134.618413686854,187.115292425788,13.3595754732221,FALSE,4,"1","grey60",1,1,1,0.4
"242","#00BE67",1.26329113924051,161.498524835741,137.363041753968,185.634007917514,12.2841515746912,FALSE,4,"1","grey60",1,1,1,0.4
"243","#00BE67",2.52658227848101,162.107470416099,139.943471730396,184.271469101802,11.2807321251442,FALSE,4,"1","grey60",1,1,1,0.4
"244","#00BE67",3.78987341772152,162.692612502494,142.349703721207,183.035521283781,10.3538584288031,FALSE,4,"1","grey60",1,1,1,0.4
"245","#00BE67",5.05316455696203,163.252873800025,144.571284347135,181.934463252915,9.50830259820901,FALSE,4,"1","grey60",1,1,1,0.4
"246","#00BE67",6.31645569620253,163.787177013791,146.597737702537,180.976616325045,8.74884821107503,FALSE,4,"1","grey60",1,1,1,0.4
"247","#00BE67",7.57974683544304,164.294444848892,148.41932063063,180.169569067154,8.07990590051438,FALSE,4,"1","grey60",1,1,1,0.4
"248","#00BE67",8.84303797468355,164.773600010427,150.028170993254,179.5190290276,7.5049289242357,FALSE,4,"1","grey60",1,1,1,0.4
"249","#00BE67",10.1063291139241,165.223565203494,151.419814320577,179.027316086412,7.02564633036463,FALSE,4,"1","grey60",1,1,1,0.4
"250","#00BE67",11.3696202531646,165.643263133195,152.594800343715,178.691725922674,6.64123001721621,FALSE,4,"1","grey60",1,1,1,0.4
"251","#00BE67",12.6329113924051,166.031571303812,153.559999540349,178.503143067275,6.34761182935316,FALSE,4,"1","grey60",1,1,1,0.4
"252","#00BE67",13.8962025316456,166.386488479629,154.329270828395,178.443706130863,6.13671948040072,FALSE,4,"1","grey60",1,1,1,0.4
"253","#00BE67",15.1594936708861,166.709117077633,154.923612079933,178.494622075332,5.99842685085328,FALSE,4,"1","grey60",1,1,1,0.4
"254","#00BE67",16.4227848101266,167.001826269766,155.366552003461,178.63710053607,5.92196444612814,FALSE,4,"1","grey60",1,1,1,0.4
"255","#00BE67",17.6860759493671,167.266985227973,155.682134105045,178.851836350902,5.89630075694478,FALSE,4,"1","grey60",1,1,1,0.4
"256","#00BE67",18.9493670886076,167.5069631242,155.893749621367,179.120176627032,5.91073625726503,FALSE,4,"1","grey60",1,1,1,0.4
"257","#00BE67",20.2126582278481,167.724129130389,156.023239244098,179.425019016681,5.9553605964706,FALSE,4,"1","grey60",1,1,1,0.4
"258","#00BE67",21.4759493670886,167.920852418486,156.090354424239,179.751350412733,6.02132677738531,FALSE,4,"1","grey60",1,1,1,0.4
"259","#00BE67",22.7392405063291,168.099502160434,156.112544352628,180.086459968241,6.10095957605785,FALSE,4,"1","grey60",1,1,1,0.4
"260","#00BE67",24.0025316455696,168.262447528179,156.104968479693,180.419926576666,6.18774916962495,FALSE,4,"1","grey60",1,1,1,0.4
"261","#00BE67",25.2658227848101,168.407673051845,156.080448383858,180.734897719831,6.27414399801989,FALSE,4,"1","grey60",1,1,1,0.4
"262","#00BE67",26.5291139240506,168.49347745917,156.04384209604,180.9431128223,6.33644693715762,FALSE,4,"1","grey60",1,1,1,0.4
"263","#00BE67",27.7924050632911,168.518917238803,155.985635248859,181.052199228746,6.37902026535697,FALSE,4,"1","grey60",1,1,1,0.4
"264","#00BE67",29.0556962025316,168.496577887552,155.889674378335,181.103481396769,6.41649114998141,FALSE,4,"1","grey60",1,1,1,0.4
"265","#00BE67",30.3189873417722,168.439044902228,155.742961061193,181.135128743262,6.46188094847105,FALSE,4,"1","grey60",1,1,1,0.4
"266","#00BE67",31.5822784810127,168.35890377964,155.542957675757,181.174849883523,6.52288682102492,FALSE,4,"1","grey60",1,1,1,0.4
"267","#00BE67",32.8455696202532,168.268740016598,155.301903424868,181.235576608328,6.59968501966107,FALSE,4,"1","grey60",1,1,1,0.4
"268","#00BE67",34.1088607594937,168.181139109911,155.047772029038,181.314506190784,6.68444345451448,FALSE,4,"1","grey60",1,1,1,0.4
"269","#00BE67",35.3721518987342,168.10868655639,154.822052862793,181.395320249986,6.76245102103599,FALSE,4,"1","grey60",1,1,1,0.4
"270","#00BE67",36.6354430379747,168.063967852843,154.675160340817,181.452775364869,6.81445406851218,FALSE,4,"1","grey60",1,1,1,0.4
"271","#00BE67",37.8987341772152,168.055698425403,154.661857170314,181.449539680492,6.81701607493896,FALSE,4,"1","grey60",1,1,1,0.4
"272","#00BE67",39.1620253164557,168.055691169048,154.804741262506,181.306641075589,6.74428916997817,FALSE,4,"1","grey60",1,1,1,0.4
"273","#00BE67",40.4253164556962,168.055631977922,155.028101344468,181.083162611376,6.6305762516987,FALSE,4,"1","grey60",1,1,1,0.4
"274","#00BE67",41.6886075949367,168.055534210028,155.24225526737,180.868813152686,6.52152932539709,FALSE,4,"1","grey60",1,1,1,0.4
"275","#00BE67",42.9518987341772,168.055411223368,155.371967139674,180.738855307062,6.45544773582265,FALSE,4,"1","grey60",1,1,1,0.4
"276","#00BE67",44.2151898734177,168.055276375945,155.373603601716,180.736949150173,6.45454619870051,FALSE,4,"1","grey60",1,1,1,0.4
"277","#00BE67",45.4784810126582,168.05514302576,155.24658825896,180.863697792559,6.51912487829667,FALSE,4,"1","grey60",1,1,1,0.4
"278","#00BE67",46.7417721518987,168.055024530816,155.033565055703,181.076484005929,6.62748623568188,FALSE,4,"1","grey60",1,1,1,0.4
"279","#00BE67",48.0050632911392,168.054934249115,154.809180509564,181.300687988666,6.74164449521866,FALSE,4,"1","grey60",1,1,1,0.4
"280","#00BE67",49.2683544303798,168.05488553866,154.66299452847,181.44677654885,6.81602346568125,FALSE,4,"1","grey60",1,1,1,0.4
"281","#00BE67",50.5316455696203,168.05488100387,154.677072591854,181.432689415887,6.80885589543011,FALSE,4,"1","grey60",1,1,1,0.4
"282","#00BE67",51.7949367088608,168.054880834446,154.841568408538,181.268193260355,6.72513295440042,FALSE,4,"1","grey60",1,1,1,0.4
"283","#00BE67",53.0582278481013,168.05487991311,155.071848013374,181.037911812846,6.60792788837327,FALSE,4,"1","grey60",1,1,1,0.4
"284","#00BE67",54.3215189873418,168.054878411354,155.281048526652,180.828708296056,6.50145107770811,FALSE,4,"1","grey60",1,1,1,0.4
"285","#00BE67",55.5848101265823,168.05487650067,155.398547165943,180.711205835398,6.4416472378136,FALSE,4,"1","grey60",1,1,1,0.4
"286","#00BE67",56.8481012658228,168.054874352551,155.386056976198,180.723691728904,6.44800323225051,FALSE,4,"1","grey60",1,1,1,0.4
"287","#00BE67",58.1113924050633,168.054872138489,155.247619933877,180.862124343101,6.51846191782091,FALSE,4,"1","grey60",1,1,1,0.4
"288","#00BE67",59.3746835443038,168.054870029977,155.028505208443,181.08123485151,6.62998289252315,FALSE,4,"1","grey60",1,1,1,0.4
"289","#00BE67",60.6379746835443,168.054868198505,154.803617009647,181.306119387364,6.74444251257484,FALSE,4,"1","grey60",1,1,1,0.4
"290","#00BE67",61.9012658227848,168.054866815568,154.660947392496,181.448786238641,6.81705585982149,FALSE,4,"1","grey60",1,1,1,0.4
"291","#00BE67",63.1645569620253,168.058502743498,154.670143721548,181.446861765449,6.81422580210234,FALSE,4,"1","grey60",1,1,1,0.4
"292","#00BE67",64.4278481012658,168.07810629771,154.793909388378,181.362303207041,6.76121077955582,FALSE,4,"1","grey60",1,1,1,0.4
"293","#00BE67",65.6911392405063,168.109910719116,154.981061391823,181.238760046408,6.6821440694318,FALSE,4,"1","grey60",1,1,1,0.4
"294","#00BE67",66.9544303797468,168.14846003768,155.186933028252,181.109987047108,6.59698262031084,FALSE,4,"1","grey60",1,1,1,0.4
"295","#00BE67",68.2177215189873,168.188298283367,155.376488345123,181.000108221612,6.5207816514096,FALSE,4,"1","grey60",1,1,1,0.4
"296","#00BE67",69.4810126582279,168.223969486142,155.529159682619,180.918779289664,6.46123250609864,FALSE,4,"1","grey60",1,1,1,0.4
"297","#00BE67",70.7443037974684,168.250017675968,155.64105220717,180.858983144765,6.41754061826611,FALSE,4,"1","grey60",1,1,1,0.4
"298","#00BE67",72.0075949367089,168.260986882809,155.72366337969,180.798310385928,6.38107726004271,FALSE,4,"1","grey60",1,1,1,0.4
"299","#00BE67",73.2708860759494,168.251421136631,155.79897768833,180.703864584932,6.33787615834879,FALSE,4,"1","grey60",1,1,1,0.4
"300","#00BE67",74.5341772151899,168.215864467396,155.891368539096,180.540360395697,6.27275516102003,FALSE,4,"1","grey60",1,1,1,0.4
"301","#00BE67",75.7974683544304,168.157950532039,156.004579929447,180.311321134631,6.18565810842951,FALSE,4,"1","grey60",1,1,1,0.4
"302","#00BE67",77.0607594936709,168.093981099318,156.109946024464,180.078016174171,6.09947200299003,FALSE,4,"1","grey60",1,1,1,0.4
"303","#00BE67",78.3240506329114,168.023484532035,156.194946563967,179.852022500102,6.02032918978373,FALSE,4,"1","grey60",1,1,1,0.4
"304","#00BE67",79.5873417721519,167.945375895534,156.245696293883,179.645055497184,5.95474460217168,FALSE,4,"1","grey60",1,1,1,0.4
"305","#00BE67",80.8506329113924,167.858570255159,156.246021165826,179.471119344493,5.91039809307337,FALSE,4,"1","grey60",1,1,1,0.4
"306","#00BE67",82.1139240506329,167.761982676256,156.177437132727,179.346528219786,5.89614522727733,FALSE,4,"1","grey60",1,1,1,0.4
"307","#00BE67",83.3772151898734,167.654528224168,156.019358209898,179.289698238439,5.92191138533858,FALSE,4,"1","grey60",1,1,1,0.4
"308","#00BE67",84.6405063291139,167.53512196424,155.749635154801,179.32060877368,5.99841759363894,FALSE,4,"1","grey60",1,1,1,0.4
"309","#00BE67",85.9037974683544,167.402678961817,155.345459583238,179.459898340395,6.13672035956114,FALSE,4,"1","grey60",1,1,1,0.4
"310","#00BE67",87.1670886075949,167.256114282241,154.784542379454,179.727686185029,6.34761190026459,FALSE,4,"1","grey60",1,1,1,0.4
"311","#00BE67",88.4303797468354,167.09495580509,154.04649301561,180.14341859457,6.64123001721622,FALSE,4,"1","grey60",1,1,1,0.4
"312","#00BE67",89.6936708860759,166.920191218678,153.11644033576,180.723942101595,7.02564633036464,FALSE,4,"1","grey60",1,1,1,0.4
"313","#00BE67",90.9569620253165,166.732349389451,151.986920372278,181.477778406624,7.50492892423571,FALSE,4,"1","grey60",1,1,1,0.4
"314","#00BE67",92.220253164557,166.531936887869,150.656812669607,182.407061106132,8.07990590051439,FALSE,4,"1","grey60",1,1,1,0.4
"315","#00BE67",93.4835443037975,166.319460284392,149.130020973137,183.508899595646,8.74884821107504,FALSE,4,"1","grey60",1,1,1,0.4
"316","#00BE67",94.746835443038,166.095426149477,147.413836696587,184.777015602367,9.50830259820903,FALSE,4,"1","grey60",1,1,1,0.4
"317","#00BE67",96.0101265822785,165.860341053583,145.517432272296,186.203249834871,10.3538584288031,FALSE,4,"1","grey60",1,1,1,0.4
"318","#00BE67",97.273417721519,165.614711567171,143.450712881467,187.778710252874,11.2807321251442,FALSE,4,"1","grey60",1,1,1,0.4
"319","#00BE67",98.5367088607595,165.359044260697,141.223561178923,189.49452734247,12.2841515746912,FALSE,4,"1","grey60",1,1,1,0.4
"320","#00BE67",99.8,165.093845704621,138.845406335154,191.342285074088,13.3595754732221,FALSE,4,"1","grey60",1,1,1,0.4
"321","#00BFC4",0,65.3504463293219,51.7987516833578,78.902140975286,6.89735815773542,FALSE,5,"1","grey60",1,1,1,0.4
"322","#00BFC4",1.26329113924051,65.2285529430419,52.7677474736893,77.6893584123945,6.34213214666767,FALSE,5,"1","grey60",1,1,1,0.4
"323","#00BFC4",2.52658227848101,65.111038114383,53.6680819029906,76.5539943257754,5.8240810050101,FALSE,5,"1","grey60",1,1,1,0.4
"324","#00BFC4",3.78987341772152,64.9981399297992,54.4953864466572,75.5008934129411,5.34554934332196,FALSE,5,"1","grey60",1,1,1,0.4
"325","#00BFC4",5.05316455696203,64.8900964757443,55.2450584525953,74.5351344988933,4.90900093520387,FALSE,5,"1","grey60",1,1,1,0.4
"326","#00BFC4",6.31645569620253,64.7871458386725,55.912483638663,73.661808038682,4.51690547356095,FALSE,5,"1","grey60",1,1,1,0.4
"327","#00BFC4",7.57974683544304,64.6895261050377,56.4934260304979,72.8856261795774,4.17154010532391,FALSE,5,"1","grey60",1,1,1,0.4
"328","#00BFC4",8.84303797468355,64.5974753612938,56.9846207968084,72.2103299257792,3.87468769816509,FALSE,5,"1","grey60",1,1,1,0.4
"329","#00BFC4",10.1063291139241,64.5112316938948,57.3845521111133,71.6379112766763,3.62724093495594,FALSE,5,"1","grey60",1,1,1,0.4
"330","#00BFC4",11.3696202531646,64.4310331892948,57.6942980701796,71.16776830841,3.42877227861462,FALSE,5,"1","grey60",1,1,1,0.4
"331","#00BFC4",12.6329113924051,64.3571278516825,57.9182333362899,70.7960223670752,3.27718139854691,FALSE,5,"1","grey60",1,1,1,0.4
"332","#00BFC4",13.8962025316456,64.2899589466698,58.0649895460312,70.5149283473085,3.16830068849989,FALSE,5,"1","grey60",1,1,1,0.4
"333","#00BFC4",15.1594936708861,64.2292956273076,58.1446075919841,70.3139836626311,3.09690217748616,FALSE,5,"1","grey60",1,1,1,0.4
"334","#00BFC4",16.4227848101266,64.1746302648803,58.1675042121818,70.1817563175789,3.0574257291478,FALSE,5,"1","grey60",1,1,1,0.4
"335","#00BFC4",17.6860759493671,64.1254552306725,58.1443619272929,70.1065485340521,3.04417593267776,FALSE,5,"1","grey60",1,1,1,0.4
"336","#00BFC4",18.9493670886076,64.0812628959687,58.0855265006141,70.0769992913233,3.05162877547911,FALSE,5,"1","grey60",1,1,1,0.4
"337","#00BFC4",20.2126582278481,64.0415456320532,58.0005431711785,70.082548092928,3.07466768496169,FALSE,5,"1","grey60",1,1,1,0.4
"338","#00BFC4",21.4759493670886,64.0057958102107,57.8978785328802,70.1137130875411,3.10872508274193,FALSE,5,"1","grey60",1,1,1,0.4
"339","#00BFC4",22.7392405063291,63.9735058017255,57.7848105555459,70.1622010479051,3.14983836022955,FALSE,5,"1","grey60",1,1,1,0.4
"340","#00BFC4",24.0025316455696,63.9441679778821,57.6674350487068,70.2209009070574,3.19464658878415,FALSE,5,"1","grey60",1,1,1,0.4
"341","#00BFC4",25.2658227848101,63.9181158879266,57.5537457179014,70.2824860579517,3.23925100571419,FALSE,5,"1","grey60",1,1,1,0.4
"342","#00BFC4",26.5291139240506,63.9033116420475,57.4757425770849,70.33088070701,3.27141712404437,FALSE,5,"1","grey60",1,1,1,0.4
"343","#00BFC4",27.7924050632911,63.8999279296542,57.4291733050175,70.3706825542909,3.2933971258151,FALSE,5,"1","grey60",1,1,1,0.4
"344","#00BFC4",29.0556962025316,63.9055451344702,57.3967807701107,70.4143094988297,3.31274280878684,FALSE,5,"1","grey60",1,1,1,0.4
"345","#00BFC4",30.3189873417722,63.9177436402189,57.362936743265,70.4725505371729,3.33617691397364,FALSE,5,"1","grey60",1,1,1,0.4
"346","#00BFC4",31.5822784810127,63.9341038306239,57.317413757957,70.5507939032909,3.36767337533744,FALSE,5,"1","grey60",1,1,1,0.4
"347","#00BFC4",32.8455696202532,63.9522060894087,57.2576134112762,70.6467987675411,3.40732318927983,FALSE,5,"1","grey60",1,1,1,0.4
"348","#00BFC4",34.1088607594937,63.9696308002966,57.1890608072333,70.7502007933599,3.45108275957791,FALSE,5,"1","grey60",1,1,1,0.4
"349","#00BFC4",35.3721518987342,63.9839583470112,57.1242589891194,70.8436577049029,3.4913569529002,FALSE,5,"1","grey60",1,1,1,0.4
"350","#00BFC4",36.6354430379747,63.9927691132759,57.0803188710862,70.9052193554655,3.51820538415881,FALSE,5,"1","grey60",1,1,1,0.4
"351","#00BFC4",37.8987341772152,63.9944009202667,57.0793518283721,70.9094500121613,3.51952811151368,FALSE,5,"1","grey60",1,1,1,0.4
"352","#00BFC4",39.1620253164557,63.9944007322493,57.1531244043584,70.8356770601403,3.48198024839306,FALSE,5,"1","grey60",1,1,1,0.4
"353","#00BFC4",40.4253164556962,63.9944008237137,57.2684726780246,70.7203289694028,3.42327189152147,FALSE,5,"1","grey60",1,1,1,0.4
"354","#00BFC4",41.6886075949367,63.994401141645,57.3790880862544,70.6097141970356,3.36697251971809,FALSE,5,"1","grey60",1,1,1,0.4
"355","#00BFC4",42.9518987341772,63.9944016330284,57.446120462403,70.5426828036538,3.33285553809386,FALSE,5,"1","grey60",1,1,1,0.4
"356","#00BFC4",44.2151898734177,63.9944022448492,57.4470355760218,70.5417689136765,3.33239008734384,FALSE,5,"1","grey60",1,1,1,0.4
"357","#00BFC4",45.4784810126582,63.9944029240925,57.3815288932774,70.6072769549076,3.36573113799483,FALSE,5,"1","grey60",1,1,1,0.4
"358","#00BFC4",46.7417721518987,63.9944036177435,57.2716099244623,70.7171973110246,3.42167656035067,FALSE,5,"1","grey60",1,1,1,0.4
"359","#00BFC4",48.0050632911392,63.9944042727874,57.1558106517572,70.8329978938176,3.48061484055779,FALSE,5,"1","grey60",1,1,1,0.4
"360","#00BFC4",49.2683544303798,63.9944048362095,57.0803626279236,70.9084470444953,3.51901564151979,FALSE,5,"1","grey60",1,1,1,0.4
"361","#00BFC4",50.5316455696203,63.9944052331644,57.0876336693381,70.9011767969907,3.51531512728999,FALSE,5,"1","grey60",1,1,1,0.4
"362","#00BFC4",51.7949367088608,63.994405354554,57.1725607207766,70.8162499883315,3.4720901676752,FALSE,5,"1","grey60",1,1,1,0.4
"363","#00BFC4",53.0582278481013,63.9944052309306,57.2914511464032,70.6973593154579,3.41157886475913,FALSE,5,"1","grey60",1,1,1,0.4
"364","#00BFC4",54.3215189873418,63.9944049072653,57.3994588375063,70.5893509770243,3.35660640697983,FALSE,5,"1","grey60",1,1,1,0.4
"365","#00BFC4",55.5848101265823,63.9944044285294,57.4601222158316,70.5286866412272,3.32573053792343,FALSE,5,"1","grey60",1,1,1,0.4
"366","#00BFC4",56.8481012658228,63.9944038396942,57.4536742293263,70.5351334500621,3.32901204714263,FALSE,5,"1","grey60",1,1,1,0.4
"367","#00BFC4",58.1113924050633,63.9944031857309,57.3822016491839,70.6066047222779,3.36538886096253,FALSE,5,"1","grey60",1,1,1,0.4
"368","#00BFC4",59.3746835443038,63.9944025116107,57.2690762579786,70.7197287652428,3.42296554864717,FALSE,5,"1","grey60",1,1,1,0.4
"369","#00BFC4",60.6379746835443,63.9944018623049,57.1529699866535,70.8358337379564,3.48205941698731,FALSE,5,"1","grey60",1,1,1,0.4
"370","#00BFC4",61.9012658227848,63.9944012827848,57.0793118338758,70.9094907316938,3.51954865188075,FALSE,5,"1","grey60",1,1,1,0.4
"371","#00BFC4",63.1645569620253,63.9964101212495,57.0841914280855,70.9086288144135,3.51808753346908,FALSE,5,"1","grey60",1,1,1,0.4
"372","#00BFC4",64.4278481012658,64.0072414542081,57.148800173256,70.8656827351602,3.4907166339239,FALSE,5,"1","grey60",1,1,1,0.4
"373","#00BFC4",65.6911392405063,64.0248152444236,57.2465777030596,70.8030527857876,3.44989561987504,FALSE,5,"1","grey60",1,1,1,0.4
"374","#00BFC4",66.9544303797468,64.0461181824199,57.3542667658552,70.7379695989847,3.40592797906217,FALSE,5,"1","grey60",1,1,1,0.4
"375","#00BFC4",68.2177215189873,64.0681369587209,57.4535823293442,70.6826915880976,3.36658650630865,FALSE,5,"1","grey60",1,1,1,0.4
"376","#00BFC4",69.4810126582279,64.0878582638505,57.5337091342817,70.6420073934192,3.33584213243091,FALSE,5,"1","grey60",1,1,1,0.4
"377","#00BFC4",70.7443037974684,64.1022687883324,57.5924398636683,70.6120977129965,3.31328463428491,FALSE,5,"1","grey60",1,1,1,0.4
"378","#00BFC4",72.0075949367089,64.1083552226907,57.6355140224794,70.581196422902,3.29445912281527,FALSE,5,"1","grey60",1,1,1,0.4
"379","#00BFC4",73.2708860759494,64.1031042574491,57.6740854181878,70.5321230967105,3.27215501054846,FALSE,5,"1","grey60",1,1,1,0.4
"380","#00BFC4",74.5341772151899,64.0835025831316,57.7205412224637,70.4464639437995,3.23853396899173,FALSE,5,"1","grey60",1,1,1,0.4
"381","#00BFC4",75.7974683544304,64.051556830985,57.7769450337921,70.326168628178,3.1935670037312,FALSE,5,"1","grey60",1,1,1,0.4
"382","#00BFC4",77.0607594936709,64.0162692030685,57.8290829222014,70.2034554839356,3.1490703474843,FALSE,5,"1","grey60",1,1,1,0.4
"383","#00BFC4",78.3240506329114,63.9773778582209,57.8704725144348,70.084283202007,3.10821004250015,FALSE,5,"1","grey60",1,1,1,0.4
"384","#00BFC4",79.5873417721519,63.9342822394659,57.893904631279,69.9746598476528,3.07434965589622,FALSE,5,"1","grey60",1,1,1,0.4
"385","#00BFC4",80.8506329113924,63.8863817898274,57.89098842168,69.8817751579747,3.05145418613302,FALSE,5,"1","grey60",1,1,1,0.4
"386","#00BFC4",82.1139240506329,63.8330759523292,57.8521404152323,69.814011489426,3.04409563493007,FALSE,5,"1","grey60",1,1,1,0.4
"387","#00BFC4",83.3772151898734,63.7737641699951,57.766691941134,69.7808363988563,3.0573983346194,FALSE,5,"1","grey60",1,1,1,0.4
"388","#00BFC4",84.6405063291139,63.7078458858491,57.6231672408645,69.7925245308336,3.09689739811851,FALSE,5,"1","grey60",1,1,1,0.4
"389","#00BFC4",85.9037974683544,63.6347205429148,57.4097502504728,69.8596908353568,3.16830114239787,FALSE,5,"1","grey60",1,1,1,0.4
"390","#00BFC4",87.1670886075949,63.5537875842162,57.1148929968923,69.99268217154,3.27718143515747,FALSE,5,"1","grey60",1,1,1,0.4
"391","#00BFC4",88.4303797468354,63.4647857629777,56.7280506438625,70.2015208820929,3.42877227861462,FALSE,5,"1","grey60",1,1,1,0.4
"392","#00BFC4",89.6936708860759,63.368262082124,56.2415824993425,70.4949416649055,3.62724093495594,FALSE,5,"1","grey60",1,1,1,0.4
"393","#00BFC4",90.9569620253165,63.2645094708331,55.6516549063477,70.8773640353185,3.8746876981651,FALSE,5,"1","grey60",1,1,1,0.4
"394","#00BFC4",92.220253164557,63.1538085128226,54.9577084382829,71.3499085873624,4.17154010532391,FALSE,5,"1","grey60",1,1,1,0.4
"395","#00BFC4",93.4835443037975,63.0364397918101,54.1617775918006,71.9111019918197,4.51690547356095,FALSE,5,"1","grey60",1,1,1,0.4
"396","#00BFC4",94.746835443038,62.9126838915132,53.2676458683642,72.5577219146622,4.90900093520388,FALSE,5,"1","grey60",1,1,1,0.4
"397","#00BFC4",96.0101265822785,62.7828213956495,52.2800679125075,73.2855748787915,5.34554934332197,FALSE,5,"1","grey60",1,1,1,0.4
"398","#00BFC4",97.273417721519,62.6471328879366,51.2041766765441,74.090089099329,5.82408100501012,FALSE,5,"1","grey60",1,1,1,0.4
"399","#00BFC4",98.5367088607595,62.505898952092,50.0450934827394,74.9667044214446,6.34213214666768,FALSE,5,"1","grey60",1,1,1,0.4
"400","#00BFC4",99.8,62.3594001718335,48.8077055258694,75.9110948177976,6.89735815773543,FALSE,5,"1","grey60",1,1,1,0.4
"401","#00A9FF",0,165.42821526119,137.058064197622,193.798366324758,14.4394555800269,FALSE,6,"1","grey60",1,1,1,0.4
"402","#00A9FF",1.26329113924051,165.48397339339,139.397572926527,191.570373860253,13.2771031053048,FALSE,6,"1","grey60",1,1,1,0.4
"403","#00A9FF",2.52658227848101,165.537716898606,141.582159692506,189.493274104707,12.1925753372699,FALSE,6,"1","grey60",1,1,1,0.4
"404","#00A9FF",3.78987341772152,165.589372373249,143.602107261066,187.576637485431,11.1907806624735,FALSE,6,"1","grey60",1,1,1,0.4
"405","#00A9FF",5.05316455696203,165.638866413727,145.447208257373,185.83052457008,10.2768769324659,FALSE,6,"1","grey60",1,1,1,0.4
"406","#00A9FF",6.31645569620253,165.686125616451,147.107230959361,184.26502027354,9.45603439072064,FALSE,6,"1","grey60",1,1,1,0.4
"407","#00A9FF",7.57974683544304,165.73107657783,148.572735623324,182.889417532337,8.73302019028427,FALSE,6,"1","grey60",1,1,1,0.4
"408","#00A9FF",8.84303797468355,165.773645894276,149.836315570519,181.710976218034,8.11156672230877,FALSE,6,"1","grey60",1,1,1,0.4
"409","#00A9FF",10.1063291139241,165.813760162198,150.894225622259,180.733294702136,7.59354279719581,FALSE,6,"1","grey60",1,1,1,0.4
"410","#00A9FF",11.3696202531646,165.851345978005,151.748150916606,179.954541039403,7.17805337621306,FALSE,6,"1","grey60",1,1,1,0.4
"411","#00A9FF",12.6329113924051,165.886326743681,152.406653916307,179.365999571055,6.86070146711726,FALSE,6,"1","grey60",1,1,1,0.4
"412","#00A9FF",13.8962025316456,165.918564579404,152.886738901809,178.950390257,6.63276228514474,FALSE,6,"1","grey60",1,1,1,0.4
"413","#00A9FF",15.1594936708861,165.948143246047,153.209993276868,178.686293215226,6.48329119713016,FALSE,6,"1","grey60",1,1,1,0.4
"414","#00A9FF",16.4227848101266,165.97523641753,153.399460617881,178.551012217179,6.40064818958972,FALSE,6,"1","grey60",1,1,1,0.4
"415","#00A9FF",17.6860759493671,166.000017767773,153.478740910881,178.521294624665,6.37291005519125,FALSE,6,"1","grey60",1,1,1,0.4
"416","#00A9FF",18.9493670886076,166.022660970696,153.470729148339,178.574592793053,6.38851240468712,FALSE,6,"1","grey60",1,1,1,0.4
"417","#00A9FF",20.2126582278481,166.043339700219,153.39664444418,178.690034956258,6.43674381481228,FALSE,6,"1","grey60",1,1,1,0.4
"418","#00A9FF",21.4759493670886,166.062227630262,153.275447794336,178.849007466188,6.50804216864179,FALSE,6,"1","grey60",1,1,1,0.4
"419","#00A9FF",22.7392405063291,166.079498434745,153.123611838467,179.035385031023,6.59411183915267,FALSE,6,"1","grey60",1,1,1,0.4
"420","#00A9FF",24.0025316455696,166.095325787589,152.955134391717,179.23551718346,6.6879168020149,FALSE,6,"1","grey60",1,1,1,0.4
"421","#00A9FF",25.2658227848101,166.109490995108,152.78583311577,179.433148874446,6.781295090079,FALSE,6,"1","grey60",1,1,1,0.4
"422","#00A9FF",26.5291139240506,166.118235263717,152.662271997985,179.574198529448,6.84863409527327,FALSE,6,"1","grey60",1,1,1,0.4
"423","#00A9FF",27.7924050632911,166.121469480553,152.575098270743,179.667840690363,6.89464870723909,FALSE,6,"1","grey60",1,1,1,0.4
"424","#00A9FF",29.0556962025316,166.120317594726,152.494373897047,179.746261292405,6.93514843533025,FALSE,6,"1","grey60",1,1,1,0.4
"425","#00A9FF",30.3189873417722,166.115903555342,152.393570908592,179.838236202092,6.98420717828142,FALSE,6,"1","grey60",1,1,1,0.4
"426","#00A9FF",31.5822784810127,166.10935131151,152.257467705331,179.961234917689,7.0501442725123,FALSE,6,"1","grey60",1,1,1,0.4
"427","#00A9FF",32.8455696202532,166.101784812336,152.086813950796,180.116755673876,7.13315021682958,FALSE,6,"1","grey60",1,1,1,0.4
"428","#00A9FF",34.1088607594937,166.094328006929,151.899365677432,180.289290336425,7.22475983852389,FALSE,6,"1","grey60",1,1,1,0.4
"429","#00A9FF",35.3721518987342,166.088104844396,151.727487067931,180.44872262086,7.30907290625206,FALSE,6,"1","grey60",1,1,1,0.4
"430","#00A9FF",36.6354430379747,166.084239273845,151.613188773255,180.555289774435,7.3652794597884,FALSE,6,"1","grey60",1,1,1,0.4
"431","#00A9FF",37.8987341772152,166.083519239614,151.607028108856,180.560010370372,7.36804855810813,FALSE,6,"1","grey60",1,1,1,0.4
"432","#00A9FF",39.1620253164557,166.083518382515,151.761468782048,180.405567982981,7.28944299794201,FALSE,6,"1","grey60",1,1,1,0.4
"433","#00A9FF",40.4253164556962,166.083516072794,152.002945153737,180.164086991851,7.16653844639673,FALSE,6,"1","grey60",1,1,1,0.4
"434","#00A9FF",41.6886075949367,166.083512728842,152.234511875645,179.932513582039,7.04867704790944,FALSE,6,"1","grey60",1,1,1,0.4
"435","#00A9FF",42.9518987341772,166.083508769049,152.374837575466,179.792179962632,6.97725395671688,FALSE,6,"1","grey60",1,1,1,0.4
"436","#00A9FF",44.2151898734177,166.083504611807,152.37674790603,179.790261317583,6.97627954662018,FALSE,6,"1","grey60",1,1,1,0.4
"437","#00A9FF",45.4784810126582,166.083500675504,152.23960586236,179.927395488648,7.04607824473859,FALSE,6,"1","grey60",1,1,1,0.4
"438","#00A9FF",46.7417721518987,166.083497378532,152.009488361188,180.157506395876,7.16319865845917,FALSE,6,"1","grey60",1,1,1,0.4
"439","#00A9FF",48.0050632911392,166.083495139281,151.767061721948,180.399928556615,7.28658454904967,FALSE,6,"1","grey60",1,1,1,0.4
"440","#00A9FF",49.2683544303798,166.083494376142,151.609111132318,180.557877619966,7.36697571434047,FALSE,6,"1","grey60",1,1,1,0.4
"441","#00A9FF",50.5316455696203,166.083495059191,151.62433273696,180.542657381423,7.3592287756398,FALSE,6,"1","grey60",1,1,1,0.4
"442","#00A9FF",51.7949367088608,166.083495472602,151.80212566251,180.364865282695,7.26873834872088,FALSE,6,"1","grey60",1,1,1,0.4
"443","#00A9FF",53.0582278481013,166.083495456822,152.05102018947,180.115970724174,7.14205937242816,FALSE,6,"1","grey60",1,1,1,0.4
"444","#00A9FF",54.3215189873418,166.083495078633,152.277132026402,179.889858130863,7.02697583695323,FALSE,6,"1","grey60",1,1,1,0.4
"445","#00A9FF",55.5848101265823,166.083494404817,152.404129697361,179.762859112273,6.96233793798685,FALSE,6,"1","grey60",1,1,1,0.4
"446","#00A9FF",56.8481012658228,166.083493502156,152.390631320721,179.776355683592,6.96920769964376,FALSE,6,"1","grey60",1,1,1,0.4
"447","#00A9FF",58.1113924050633,166.083492437435,152.241005475078,179.925979399791,7.04536169589613,FALSE,6,"1","grey60",1,1,1,0.4
"448","#00A9FF",59.3746835443038,166.083491277433,152.00418040511,180.162802149756,7.16589712486106,FALSE,6,"1","grey60",1,1,1,0.4
"449","#00A9FF",60.6379746835443,166.083490088935,151.761114852924,180.405865324946,7.28960873551485,FALSE,6,"1","grey60",1,1,1,0.4
"450","#00A9FF",61.9012658227848,166.083488938722,151.606913321513,180.560064555932,7.36809155887902,FALSE,6,"1","grey60",1,1,1,0.4
"451","#00A9FF",63.1645569620253,166.087794293293,151.617228535092,180.558360051493,7.36503274216688,FALSE,6,"1","grey60",1,1,1,0.4
"452","#00A9FF",64.4278481012658,166.111008374582,151.753024352328,180.468992396837,7.30773241367448,FALSE,6,"1","grey60",1,1,1,0.4
"453","#00A9FF",65.6911392405063,166.148673741437,151.958594344208,180.338753138667,7.22227458973516,FALSE,6,"1","grey60",1,1,1,0.4
"454","#00A9FF",66.9544303797468,166.194332750957,152.185100655439,180.203564846474,7.13022937735714,FALSE,6,"1","grey60",1,1,1,0.4
"455","#00A9FF",68.2177215189873,166.241527760239,152.394114653899,180.088940866579,7.04786893799963,FALSE,6,"1","grey60",1,1,1,0.4
"456","#00A9FF",69.4810126582279,166.283801126383,152.56284550004,180.004756752725,6.98350632106845,FALSE,6,"1","grey60",1,1,1,0.4
"457","#00A9FF",70.7443037974684,166.314695206488,152.68652287708,179.942867535895,6.9362827341491,FALSE,6,"1","grey60",1,1,1,0.4
"458","#00A9FF",72.0075949367089,166.327752357652,152.777012951406,179.878491763898,6.89687197275022,FALSE,6,"1","grey60",1,1,1,0.4
"459","#00A9FF",73.2708860759494,166.316514936976,152.857516603163,179.775513270788,6.85017884315431,FALSE,6,"1","grey60",1,1,1,0.4
"460","#00A9FF",74.5341772151899,166.274525301556,152.953816731167,179.595233871946,6.7797939907209,FALSE,6,"1","grey60",1,1,1,0.4
"461","#00A9FF",75.7974683544304,166.206083624452,153.070332768037,179.341834480868,6.68565671633274,FALSE,6,"1","grey60",1,1,1,0.4
"462","#00A9FF",77.0607594936709,166.130481396343,153.177753783129,179.083209009558,6.59250402270087,FALSE,6,"1","grey60",1,1,1,0.4
"463","#00A9FF",78.3240506329114,166.04715684684,153.262495469768,178.831818223911,6.50696394412118,FALSE,6,"1","grey60",1,1,1,0.4
"464","#00A9FF",79.5873417721519,165.954822327726,153.309435185957,178.600209469495,6.43607802851281,FALSE,6,"1","grey60",1,1,1,0.4
"465","#00A9FF",80.8506329113924,165.852190190786,153.300976487745,178.403403893827,6.38814690603532,FALSE,6,"1","grey60",1,1,1,0.4
"466","#00A9FF",82.1139240506329,165.737972787806,153.217026210883,178.25891936473,6.3727419537625,FALSE,6,"1","grey60",1,1,1,0.4
"467","#00A9FF",83.3772151898734,165.61088247057,153.035219349847,178.186545591294,6.40059083979478,FALSE,6,"1","grey60",1,1,1,0.4
"468","#00A9FF",84.6405063291139,165.469631590863,152.731501280135,178.20776190159,6.48328119163744,FALSE,6,"1","grey60",1,1,1,0.4
"469","#00A9FF",85.9037974683544,165.312932500469,152.281104955905,178.344760045034,6.63276323536938,FALSE,6,"1","grey60",1,1,1,0.4
"470","#00A9FF",87.1670886075949,165.139497551174,151.659824573214,178.619170529134,6.8607015437606,FALSE,6,"1","grey60",1,1,1,0.4
"471","#00A9FF",88.4303797468354,164.948766655982,150.845571594583,179.05196171738,7.17805337621307,FALSE,6,"1","grey60",1,1,1,0.4
"472","#00A9FF",89.6936708860759,164.741912778887,149.822378238949,179.661447318825,7.59354279719582,FALSE,6,"1","grey60",1,1,1,0.4
"473","#00A9FF",90.9569620253165,164.519564067655,148.582233743898,180.456894391413,8.11156672230879,FALSE,6,"1","grey60",1,1,1,0.4
"474","#00A9FF",92.220253164557,164.282322198185,147.123981243679,181.440663152692,8.73302019028428,FALSE,6,"1","grey60",1,1,1,0.4
"475","#00A9FF",93.4835443037975,164.030788846379,145.45189418929,182.609683503468,9.45603439072066,FALSE,6,"1","grey60",1,1,1,0.4
"476","#00A9FF",94.746835443038,163.765565688135,143.573907531782,183.957223844489,10.276876932466,FALSE,6,"1","grey60",1,1,1,0.4
"477","#00A9FF",96.0101265822785,163.487254399356,141.499989287173,185.474519511538,11.1907806624735,FALSE,6,"1","grey60",1,1,1,0.4
"478","#00A9FF",97.273417721519,163.19645665594,139.240899449839,187.15201386204,12.1925753372699,FALSE,6,"1","grey60",1,1,1,0.4
"479","#00A9FF",98.5367088607595,162.893774133788,136.807373666925,188.980174600652,13.2771031053049,FALSE,6,"1","grey60",1,1,1,0.4
"480","#00A9FF",99.8,162.579808508801,134.209657445233,190.949959572369,14.4394555800269,FALSE,6,"1","grey60",1,1,1,0.4
"481","#C77CFF",0,176.637758042899,164.702545910931,188.572970174866,6.07462276219786,FALSE,7,"1","grey60",1,1,1,0.4
"482","#C77CFF",1.26329113924051,178.401466142973,167.427018998372,189.375913287573,5.58562560011576,FALSE,7,"1","grey60",1,1,1,0.4
"483","#C77CFF",2.52658227848101,180.101769401022,170.023759722693,190.17977907935,5.1293689892326,FALSE,7,"1","grey60",1,1,1,0.4
"484","#C77CFF",3.78987341772152,181.735670629428,172.485713774151,190.985627484705,4.70791786866653,FALSE,7,"1","grey60",1,1,1,0.4
"485","#C77CFF",5.05316455696203,183.300172640574,174.805620642868,191.79472463828,4.3234421264896,FALSE,7,"1","grey60",1,1,1,0.4
"486","#C77CFF",6.31645569620253,184.792278246843,176.976209576183,192.608346917503,3.97811686400786,FALSE,7,"1","grey60",1,1,1,0.4
"487","#C77CFF",7.57974683544304,186.208990260617,178.990543003646,193.427437517588,3.6739476039536,FALSE,7,"1","grey60",1,1,1,0.4
"488","#C77CFF",8.84303797468355,187.547311494278,180.842538657324,194.252084331232,3.41250454875749,FALSE,7,"1","grey60",1,1,1,0.4
"489","#C77CFF",10.1063291139241,188.804244760209,182.527654648109,195.08083487231,3.19457389968184,FALSE,7,"1","grey60",1,1,1,0.4
"490","#C77CFF",11.3696202531646,189.976792870794,184.043633600011,195.909952141576,3.01977911741558,FALSE,7,"1","grey60",1,1,1,0.4
"491","#C77CFF",12.6329113924051,191.061833682606,185.390987788845,196.732679576368,2.88627040443564,FALSE,7,"1","grey60",1,1,1,0.4
"492","#C77CFF",13.8962025316456,192.053828922533,186.571390581601,197.536267263464,2.79037727775001,FALSE,7,"1","grey60",1,1,1,0.4
"493","#C77CFF",15.1594936708861,192.955856990682,187.596966877255,198.314747104108,2.72749537278403,FALSE,7,"1","grey60",1,1,1,0.4
"494","#C77CFF",16.4227848101266,193.774504397563,188.483924465275,199.06508432985,2.69272778116956,FALSE,7,"1","grey60",1,1,1,0.4
"495","#C77CFF",17.6860759493671,194.516357653684,189.248705214498,199.784010092871,2.6810584559887,FALSE,7,"1","grey60",1,1,1,0.4
"496","#C77CFF",18.9493670886076,195.188003269555,189.907454405711,200.4685521334,2.68762230369515,FALSE,7,"1","grey60",1,1,1,0.4
"497","#C77CFF",20.2126582278481,195.796027755685,190.475612284122,201.116443227247,2.70791307021162,FALSE,7,"1","grey60",1,1,1,0.4
"498","#C77CFF",21.4759493670886,196.347017622582,190.967669113489,201.726366131674,2.73790801016483,FALSE,7,"1","grey60",1,1,1,0.4
"499","#C77CFF",22.7392405063291,196.847559380754,191.397068315768,202.298050445741,2.77411718555393,FALSE,7,"1","grey60",1,1,1,0.4
"500","#C77CFF",24.0025316455696,197.304239540712,191.776212163876,202.832266917548,2.81358056832843,FALSE,7,"1","grey60",1,1,1,0.4
"501","#C77CFF",25.2658227848101,197.711430716512,192.106219704158,203.316641728865,2.85286445067604,FALSE,7,"1","grey60",1,1,1,0.4
"502","#C77CFF",26.5291139240506,197.952953887327,192.292082513868,203.613825260787,2.88119370806872,FALSE,7,"1","grey60",1,1,1,0.4
"503","#C77CFF",27.7924050632911,198.026160195488,192.327254551835,203.725065839141,2.90055187622763,FALSE,7,"1","grey60",1,1,1,0.4
"504","#C77CFF",29.0556962025316,197.966086770733,192.23370529114,203.698468250326,2.91758995420515,FALSE,7,"1","grey60",1,1,1,0.4
"505","#C77CFF",30.3189873417722,197.8077707428,192.034838807492,203.580702678108,2.93822877642143,FALSE,7,"1","grey60",1,1,1,0.4
"506","#C77CFF",31.5822784810127,197.586249241427,191.758815721717,203.413682761136,2.96596825532824,FALSE,7,"1","grey60",1,1,1,0.4
"507","#C77CFF",32.8455696202532,197.336559396352,191.44051570307,203.232603089635,3.00088853303213,FALSE,7,"1","grey60",1,1,1,0.4
"508","#C77CFF",34.1088607594937,197.093738337315,191.121972934014,203.065503740616,3.03942834432186,FALSE,7,"1","grey60",1,1,1,0.4
"509","#C77CFF",35.3721518987342,196.892823194053,190.851367188966,202.934279199139,3.0748985237572,FALSE,7,"1","grey60",1,1,1,0.4
"510","#C77CFF",36.6354430379747,196.768851096305,190.680936473998,202.856765718612,3.09854440206641,FALSE,7,"1","grey60",1,1,1,0.4
"511","#C77CFF",37.8987341772152,196.74608236341,190.655878889167,202.836285837653,3.09970935095182,FALSE,7,"1","grey60",1,1,1,0.4
"512","#C77CFF",39.1620253164557,196.746038385498,190.720807861941,202.771268909055,3.06664029773343,FALSE,7,"1","grey60",1,1,1,0.4
"513","#C77CFF",40.4253164556962,196.74562146772,190.821980085564,202.669262849875,3.01493483125952,FALSE,7,"1","grey60",1,1,1,0.4
"514","#C77CFF",41.6886075949367,196.744927145211,190.918706388461,202.571147901962,2.96535099964846,FALSE,7,"1","grey60",1,1,1,0.4
"515","#C77CFF",42.9518987341772,196.744050953111,190.976866337979,202.511235568244,2.93530358317211,FALSE,7,"1","grey60",1,1,1,0.4
"516","#C77CFF",44.2151898734177,196.743088426558,190.976709228994,202.509467624122,2.93489365263696,FALSE,7,"1","grey60",1,1,1,0.4
"517","#C77CFF",45.4784810126582,196.74213510069,190.918062435116,202.566207766263,2.96425769326937,FALSE,7,"1","grey60",1,1,1,0.4
"518","#C77CFF",46.7417721518987,196.741286510644,190.820405695,202.662167326289,3.01352979547309,FALSE,7,"1","grey60",1,1,1,0.4
"519","#C77CFF",48.0050632911392,196.740638191559,190.717770374388,202.763506008731,3.06543775940989,FALSE,7,"1","grey60",1,1,1,0.4
"520","#C77CFF",49.2683544303798,196.740285678573,190.650968984159,202.829602372987,3.09925800975441,FALSE,7,"1","grey60",1,1,1,0.4
"521","#C77CFF",50.5316455696203,196.740249056941,190.657335744999,202.823162368883,3.09599890279518,FALSE,7,"1","grey60",1,1,1,0.4
"522","#C77CFF",51.7949367088608,196.740249548823,190.732132854745,202.7483662429,3.0579299323914,FALSE,7,"1","grey60",1,1,1,0.4
"523","#C77CFF",53.0582278481013,196.740250095254,190.836842366576,202.643657823932,3.00463658011681,FALSE,7,"1","grey60",1,1,1,0.4
"524","#C77CFF",54.3215189873418,196.740250654397,190.931967454561,202.548533854233,2.95622138466324,FALSE,7,"1","grey60",1,1,1,0.4
"525","#C77CFF",55.5848101265823,196.740251184412,190.985395693928,202.495106674896,2.92902847214755,FALSE,7,"1","grey60",1,1,1,0.4
"526","#C77CFF",56.8481012658228,196.740251643462,190.979717818209,202.500785468716,2.93191855413857,FALSE,7,"1","grey60",1,1,1,0.4
"527","#C77CFF",58.1113924050633,196.740251989709,190.916771601482,202.563732377935,2.96395624396026,FALSE,7,"1","grey60",1,1,1,0.4
"528","#C77CFF",59.3746835443038,196.740252181313,190.817140895914,202.663363466711,3.01466502978557,FALSE,7,"1","grey60",1,1,1,0.4
"529","#C77CFF",60.6379746835443,196.740252176436,190.714884659273,202.765619693599,3.06671002288525,FALSE,7,"1","grey60",1,1,1,0.4
"530","#C77CFF",61.9012658227848,196.74025193324,190.650012915875,202.830490950604,3.09972744120876,FALSE,7,"1","grey60",1,1,1,0.4
"531","#C77CFF",63.1645569620253,196.74213429063,190.65442359756,202.829844983701,3.0984406089233,FALSE,7,"1","grey60",1,1,1,0.4
"532","#C77CFF",64.4278481012658,196.752284411784,190.711936416843,202.792632406725,3.07433458374719,FALSE,7,"1","grey60",1,1,1,0.4
"533","#C77CFF",65.6911392405063,196.768754952883,190.799043780182,202.738466125584,3.03838280982936,FALSE,7,"1","grey60",1,1,1,0.4
"534","#C77CFF",66.9544303797468,196.788724068815,190.895094652062,202.682353485568,2.99965974723438,FALSE,7,"1","grey60",1,1,1,0.4
"535","#C77CFF",68.2177215189873,196.809369914466,190.983817116639,202.634922712294,2.96501103095467,FALSE,7,"1","grey60",1,1,1,0.4
"536","#C77CFF",69.4810126582279,196.827870644725,191.055518016542,202.600223272907,2.93793392851976,FALSE,7,"1","grey60",1,1,1,0.4
"537","#C77CFF",70.7443037974684,196.841404414477,191.10808535819,202.574723470763,2.9180671493034,FALSE,7,"1","grey60",1,1,1,0.4
"538","#C77CFF",72.0075949367089,196.847149378609,191.146406051717,202.547892705502,2.90148719537492,FALSE,7,"1","grey60",1,1,1,0.4
"539","#C77CFF",73.2708860759494,196.84228369201,191.180135477222,202.504431906798,2.88184357748991,FALSE,7,"1","grey60",1,1,1,0.4
"540","#C77CFF",74.5341772151899,196.823985509566,191.220015260007,202.427955759124,2.85223294401857,FALSE,7,"1","grey60",1,1,1,0.4
"541","#C77CFF",75.7974683544304,196.794133598469,191.267974339298,202.320292857639,2.81262975907851,FALSE,7,"1","grey60",1,1,1,0.4
"542","#C77CFF",77.0607594936709,196.761156237788,191.311994144681,202.210318330895,2.7734407834305,FALSE,7,"1","grey60",1,1,1,0.4
"543","#C77CFF",78.3240506329114,196.724806059146,191.346348777448,202.103263340844,2.73745440530561,FALSE,7,"1","grey60",1,1,1,0.4
"544","#C77CFF",79.5873417721519,196.684518510128,191.364653357147,202.004383663108,2.70763297650676,FALSE,7,"1","grey60",1,1,1,0.4
"545","#C77CFF",80.8506329113924,196.639729038318,191.359482284475,201.919975792162,2.68746853983491,FALSE,7,"1","grey60",1,1,1,0.4
"546","#C77CFF",82.1139240506329,196.589873091302,191.322359599612,201.857386582992,2.6809877363719,FALSE,7,"1","grey60",1,1,1,0.4
"547","#C77CFF",83.3772151898734,196.534386116664,191.243853587962,201.824918645366,2.69270365433404,FALSE,7,"1","grey60",1,1,1,0.4
"548","#C77CFF",84.6405063291139,196.472703561989,191.113821718796,201.831585405181,2.72749116351218,FALSE,7,"1","grey60",1,1,1,0.4
"549","#C77CFF",85.9037974683544,196.404260874861,190.921821748503,201.886700001219,2.79037767750582,FALSE,7,"1","grey60",1,1,1,0.4
"550","#C77CFF",87.1670886075949,196.328493502866,190.657647545754,201.999339459979,2.8862704366792,FALSE,7,"1","grey60",1,1,1,0.4
"551","#C77CFF",88.4303797468354,196.245156011815,190.311996741033,202.178315282598,3.01977911741558,FALSE,7,"1","grey60",1,1,1,0.4
"552","#C77CFF",89.6936708860759,196.15476305721,189.87817294511,202.43135316931,3.19457389968185,FALSE,7,"1","grey60",1,1,1,0.4
"553","#C77CFF",90.9569620253165,196.057590290269,189.352817453315,202.762363127222,3.4125045487575,FALSE,7,"1","grey60",1,1,1,0.4
"554","#C77CFF",92.220253164557,195.953901750778,188.735454493807,203.172349007749,3.67394760395361,FALSE,7,"1","grey60",1,1,1,0.4
"555","#C77CFF",93.4835443037975,195.843961478521,188.027892807862,203.660030149181,3.97811686400786,FALSE,7,"1","grey60",1,1,1,0.4
"556","#C77CFF",94.746835443038,195.728033513285,187.233481515579,204.222585510991,4.32344212648961,FALSE,7,"1","grey60",1,1,1,0.4
"557","#C77CFF",96.0101265822785,195.606381894854,186.356425039577,204.856338750131,4.70791786866654,FALSE,7,"1","grey60",1,1,1,0.4
"558","#C77CFF",97.273417721519,195.479270663012,185.401260984683,205.557280341341,5.12936898923262,FALSE,7,"1","grey60",1,1,1,0.4
"559","#C77CFF",98.5367088607595,195.346963857546,184.372516712945,206.321411002147,5.58562560011577,FALSE,7,"1","grey60",1,1,1,0.4
"560","#C77CFF",99.8,195.209725518239,183.274513386272,207.144937650207,6.07462276219787,FALSE,7,"1","grey60",1,1,1,0.4
"561","#FF61CC",0,477.381794412194,451.748768141718,503.014820682669,13.0463508419417,FALSE,8,"1","grey60",1,1,1,0.4
"562","#FF61CC",1.26329113924051,487.73805997253,464.168450245357,511.307669699704,11.9961410121335,FALSE,8,"1","grey60",1,1,1,0.4
"563","#FF61CC",2.52658227848101,497.723107206095,476.078759038475,519.367455373716,11.0162474364239,FALSE,8,"1","grey60",1,1,1,0.4
"564","#FF61CC",3.78987341772152,507.320647357219,487.454692361998,527.18660235244,10.1111049449673,FALSE,8,"1","grey60",1,1,1,0.4
"565","#FF61CC",5.05316455696203,516.514391670232,498.270805204776,534.757978135689,9.28537376477447,FALSE,8,"1","grey60",1,1,1,0.4
"566","#FF61CC",6.31645569620253,525.288051389467,508.501630557428,542.074472221506,8.54372531921858,FALSE,8,"1","grey60",1,1,1,0.4
"567","#FF61CC",7.57974683544304,533.625337759253,518.122416979623,549.128258538884,7.89046683102139,FALSE,8,"1","grey60",1,1,1,0.4
"568","#FF61CC",8.84303797468355,541.509962023922,527.110249947847,555.909674099997,7.32897059383884,FALSE,8,"1","grey60",1,1,1,0.4
"569","#FF61CC",10.1063291139241,548.925635427804,535.445523180654,562.405747674954,6.86092511704872,FALSE,8,"1","grey60",1,1,1,0.4
"570","#FF61CC",11.3696202531646,555.856069215232,543.113536801624,568.598601628839,6.48552171439176,FALSE,8,"1","grey60",1,1,1,0.4
"571","#FF61CC",12.6329113924051,562.284310824493,550.105143821565,574.46347782742,6.19878761119255,FALSE,8,"1","grey60",1,1,1,0.4
"572","#FF61CC",13.8962025316456,568.180949939103,556.406422225184,579.955477653023,5.99283978150068,FALSE,8,"1","grey60",1,1,1,0.4
"573","#FF61CC",15.1594936708861,573.563409043493,562.054223489083,585.072594597902,5.85778951979536,FALSE,8,"1","grey60",1,1,1,0.4
"574","#FF61CC",16.4227848101266,578.467925889144,567.105448801104,589.830402977184,5.78311982985932,FALSE,8,"1","grey60",1,1,1,0.4
"575","#FF61CC",17.6860759493671,582.930738227539,571.61750207686,594.243974378219,5.75805784389609,FALSE,8,"1","grey60",1,1,1,0.4
"576","#FF61CC",18.9493670886076,586.988083810163,575.647150255499,598.329017364827,5.77215489377124,FALSE,8,"1","grey60",1,1,1,0.4
"577","#FF61CC",20.2126582278481,590.676200388498,579.249646084773,602.102754692223,5.81573298399819,FALSE,8,"1","grey60",1,1,1,0.4
"578","#FF61CC",21.4759493670886,594.031325714027,582.478202055479,605.584449372575,5.88015254146401,FALSE,8,"1","grey60",1,1,1,0.4
"579","#FF61CC",22.7392405063291,597.089697538233,585.383782376359,608.795612700108,5.95791829323435,FALSE,8,"1","grey60",1,1,1,0.4
"580","#FF61CC",24.0025316455696,599.8875536126,588.015115200315,611.759992024886,6.04267304381572,FALSE,8,"1","grey60",1,1,1,0.4
"581","#FF61CC",25.2658227848101,602.390163312621,590.351959086121,614.428367539121,6.12704228477169,FALSE,8,"1","grey60",1,1,1,0.4
"582","#FF61CC",26.5291139240506,603.920856841281,591.763111924371,616.07860175819,6.18788448773721,FALSE,8,"1","grey60",1,1,1,0.4
"583","#FF61CC",27.7924050632911,604.463456572066,592.224026182266,616.702886961867,6.22945965435169,FALSE,8,"1","grey60",1,1,1,0.4
"584","#FF61CC",29.0556962025316,604.220846527431,591.909520726591,616.532172328271,6.26605200776502,FALSE,8,"1","grey60",1,1,1,0.4
"585","#FF61CC",30.3189873417722,603.395910729827,590.997495492692,615.794325966961,6.31037761054543,FALSE,8,"1","grey60",1,1,1,0.4
"586","#FF61CC",31.5822784810127,602.191533201707,589.676065956673,614.707000446741,6.36995315756426,FALSE,8,"1","grey60",1,1,1,0.4
"587","#FF61CC",32.8455696202532,600.810597965525,588.147777966123,613.473417964927,6.4449507684872,FALSE,8,"1","grey60",1,1,1,0.4
"588","#FF61CC",34.1088607594937,599.455989043733,586.630542979483,612.281435107982,6.52772198229769,FALSE,8,"1","grey60",1,1,1,0.4
"589","#FF61CC",35.3721518987342,598.330590458783,585.355471225207,611.30570969236,6.60390060662641,FALSE,8,"1","grey60",1,1,1,0.4
"590","#FF61CC",36.6354430379747,597.637286233129,584.562388718067,610.712183748192,6.65468440612546,FALSE,8,"1","grey60",1,1,1,0.4
"591","#FF61CC",37.8987341772152,597.516656300693,584.43684306221,610.596469539176,6.65718634451191,FALSE,8,"1","grey60",1,1,1,0.4
"592","#FF61CC",39.1620253164557,597.515969474374,584.575697396399,610.456241552349,6.58616457292426,FALSE,8,"1","grey60",1,1,1,0.4
"593","#FF61CC",40.4253164556962,597.503909762531,584.781818735847,610.226000789215,6.47511773389045,FALSE,8,"1","grey60",1,1,1,0.4
"594","#FF61CC",41.6886075949367,597.483371675432,584.970509058154,609.99623429271,6.36862748937499,FALSE,8,"1","grey60",1,1,1,0.4
"595","#FF61CC",42.9518987341772,597.457249723345,585.071177895562,609.843321551129,6.30409522908652,FALSE,8,"1","grey60",1,1,1,0.4
"596","#FF61CC",44.2151898734177,597.428438416537,585.044096368625,609.81278046445,6.30321482913549,FALSE,8,"1","grey60",1,1,1,0.4
"597","#FF61CC",45.4784810126582,597.399832265276,584.891583062236,609.908081468317,6.36627941622582,FALSE,8,"1","grey60",1,1,1,0.4
"598","#FF61CC",46.7417721518987,597.374325779829,584.658163568914,610.090487990744,6.47210016546969,FALSE,8,"1","grey60",1,1,1,0.4
"599","#FF61CC",48.0050632911392,597.354813470463,584.419615731693,610.290011209233,6.58358190442222,FALSE,8,"1","grey60",1,1,1,0.4
"600","#FF61CC",49.2683544303798,597.344189847446,584.266281129,610.422098565892,6.65621700767549,FALSE,8,"1","grey60",1,1,1,0.4
"601","#FF61CC",50.5316455696203,597.343075280306,584.278918983628,610.407231576984,6.64921748614368,FALSE,8,"1","grey60",1,1,1,0.4
"602","#FF61CC",51.7949367088608,597.3430763377,584.439559303187,610.246593372214,6.56745748827684,FALSE,8,"1","grey60",1,1,1,0.4
"603","#FF61CC",53.0582278481013,597.343077585764,584.664441988729,610.0217131828,6.45300037735232,FALSE,8,"1","grey60",1,1,1,0.4
"604","#FF61CC",54.3215189873418,597.343078918632,584.868740448435,609.817417388828,6.34901999030686,FALSE,8,"1","grey60",1,1,1,0.4
"605","#FF61CC",55.5848101265823,597.343080230434,584.983487427281,609.702673033587,6.29061829344733,FALSE,8,"1","grey60",1,1,1,0.4
"606","#FF61CC",56.8481012658228,597.343081415306,584.971293361436,609.714869469177,6.29682526712995,FALSE,8,"1","grey60",1,1,1,0.4
"607","#FF61CC",58.1113924050633,597.34308236738,584.836105187041,609.850059547718,6.3656319993241,FALSE,8,"1","grey60",1,1,1,0.4
"608","#FF61CC",59.3746835443038,597.343082980788,584.622130432746,610.064035528831,6.47453828643756,FALSE,8,"1","grey60",1,1,1,0.4
"609","#FF61CC",60.6379746835443,597.343083149664,584.402516853148,610.283649446181,6.58631432029603,FALSE,8,"1","grey60",1,1,1,0.4
"610","#FF61CC",61.9012658227848,597.343082768141,584.263193194378,610.422972341905,6.65722519660992,FALSE,8,"1","grey60",1,1,1,0.4
"611","#FF61CC",63.1645569620253,597.346773667458,584.272314127306,610.421233207609,6.65446149158194,FALSE,8,"1","grey60",1,1,1,0.4
"612","#FF61CC",64.4278481012658,597.366676067168,584.393936485737,610.339415648598,6.60268944347894,FALSE,8,"1","grey60",1,1,1,0.4
"613","#FF61CC",65.6911392405063,597.39897221517,584.577937982595,610.220006447745,6.52547650791345,FALSE,8,"1","grey60",1,1,1,0.4
"614","#FF61CC",66.9544303797468,597.438129660602,584.780494756616,610.095764564589,6.44231172878801,FALSE,8,"1","grey60",1,1,1,0.4
"615","#FF61CC",68.2177215189873,597.478615952603,584.967187897898,609.990044007308,6.36789734512933,FALSE,8,"1","grey60",1,1,1,0.4
"616","#FF61CC",69.4810126582279,597.514898640311,585.117727569984,609.912069710637,6.30974437135993,FALSE,8,"1","grey60",1,1,1,0.4
"617","#FF61CC",70.7443037974684,597.541445272863,585.228105856533,609.854784689193,6.2670768705286,FALSE,8,"1","grey60",1,1,1,0.4
"618","#FF61CC",72.0075949367089,597.552723399399,585.309346252538,609.79610054626,6.2314684213521,FALSE,8,"1","grey60",1,1,1,0.4
"619","#FF61CC",73.2708860759494,597.543200569057,585.382713404505,609.703687733608,6.1892801998336,FALSE,8,"1","grey60",1,1,1,0.4
"620","#FF61CC",74.5341772151899,597.507344330974,585.471804866941,609.542883795007,6.12568601003086,FALSE,8,"1","grey60",1,1,1,0.4
"621","#FF61CC",75.7974683544304,597.448838045313,585.580411753522,609.317264337104,6.04063100901885,FALSE,8,"1","grey60",1,1,1,0.4
"622","#FF61CC",77.0607594936709,597.384205401103,585.681144446654,609.087266355551,5.95646559736204,FALSE,8,"1","grey60",1,1,1,0.4
"623","#FF61CC",78.3240506329114,597.312960696759,585.7617511102,608.864170283317,5.8791783430045,FALSE,8,"1","grey60",1,1,1,0.4
"624","#FF61CC",79.5873417721519,597.233996368935,585.808623973877,608.659368763992,5.8151314321183,FALSE,8,"1","grey60",1,1,1,0.4
"625","#FF61CC",80.8506329113924,597.146204854284,585.805920135478,608.48648957309,5.7718246580766,FALSE,8,"1","grey60",1,1,1,0.4
"626","#FF61CC",82.1139240506329,597.048478589461,585.735540853657,608.361416325265,5.75790596073094,FALSE,8,"1","grey60",1,1,1,0.4
"627","#FF61CC",83.3772151898734,596.939710011119,585.577334730851,608.302085291387,5.78306801311724,FALSE,8,"1","grey60",1,1,1,0.4
"628","#FF61CC",84.6405063291139,596.818791555912,585.309623763326,608.327959348498,5.85778047962292,FALSE,8,"1","grey60",1,1,1,0.4
"629","#FF61CC",85.9037974683544,596.684615660493,584.910086259728,608.459145061258,5.99284064004857,FALSE,8,"1","grey60",1,1,1,0.4
"630","#FF61CC",87.1670886075949,596.536074761517,584.356907622531,608.715241900503,6.19878768044141,FALSE,8,"1","grey60",1,1,1,0.4
"631","#FF61CC",88.4303797468354,596.372687401008,583.6301549874,609.115219814616,6.48552171439177,FALSE,8,"1","grey60",1,1,1,0.4
"632","#FF61CC",89.6936708860759,596.195463392397,582.715351145247,609.675575639547,6.86092511704873,FALSE,8,"1","grey60",1,1,1,0.4
"633","#FF61CC",90.9569620253165,596.004943615117,581.605231539042,610.404655691191,7.32897059383885,FALSE,8,"1","grey60",1,1,1,0.4
"634","#FF61CC",92.220253164557,595.80164616699,580.298725387359,611.30456694662,7.8904668310214,FALSE,8,"1","grey60",1,1,1,0.4
"635","#FF61CC",93.4835443037975,595.58608914584,578.799668313801,612.372509977879,8.5437253192186,FALSE,8,"1","grey60",1,1,1,0.4
"636","#FF61CC",94.746835443038,595.35879064949,577.115204184033,613.602377114947,9.28537376477449,FALSE,8,"1","grey60",1,1,1,0.4
"637","#FF61CC",96.0101265822785,595.120268775765,575.254313780543,614.986223770986,10.1111049449674,FALSE,8,"1","grey60",1,1,1,0.4
"638","#FF61CC",97.273417721519,594.871041622487,573.226693454866,616.515389790107,11.0162474364239,FALSE,8,"1","grey60",1,1,1,0.4
"639","#FF61CC",98.5367088607595,594.611627287479,571.042017560306,618.181237014653,11.9961410121335,FALSE,8,"1","grey60",1,1,1,0.4
"640","#FF61CC",99.8,594.342543868566,568.709517598091,619.975570139042,13.0463508419417,FALSE,8,"1","grey60",1,1,1,0.4
