"","V1","V2","V3","V4","V5","V6","V7","V8","V9","V10","V11","V12"
"1",1,0,0,0,0,0,0,0,0,0,0,0
"2",74,118.301269640595,114.720893168838,157.217404369176,65.5215662528987,149.495408077667,92.4567231182469,39.516731928445,94.7093949910817,128.919010752625,24.3074455782016,24.15633029113
"3",147,224.932112470443,218.464995233559,293.885317086615,127.491539833252,281.5345008854,175.078356171562,77.2426705814931,179.529755596011,238.968084335376,47.522502850894,47.2221627609811
"4",220,321.044117613534,312.282844771984,412.691961254878,186.102594715938,398.156747140596,248.911527063305,113.25902588796,255.494032196174,332.913777574894,69.6942924869615,69.2467547269994
"5",293,407.674771482022,397.124043484927,515.970133975441,241.536562749335,501.161739747558,314.89091949474,147.643179775022,323.526751397449,413.108542307302,90.8696529416252,90.2770640526635
"6",366,485.759394901621,473.847491237044,605.750099501723,293.965728659235,592.139574941227,373.851971447139,180.469121635107,384.456073618304,481.566589110715,111.093369557371,110.357981754623
"7",439,556.140983410081,543.229833141869,683.79591376623,343.552964983338,672.494592719114,426.541260083838,211.807463284496,439.023697841003,540.006218745806,130.4082114576,129.532368208203
"8",512,619.579589940816,605.973633226266,751.641265716905,390.452288275129,743.467004650487,473.625797443466,241.725613472496,487.893754360197,589.892828711628,148.855020791429,147.84114412457
"9",585,676.76008450696,662.714028528769,810.619062858332,434.809418130678,806.152251755158,515.701856660757,270.287936055902,531.661184134208,632.478446698484,166.472809845939,165.323388606694
"10",658,728.299825999894,714.025439788453,861.888670318947,476.762164791231,861.518369641687,553.302276995538,297.555874353268,570.858857447082,668.831494674089,183.298835946332,182.016414807825
"11",731,774.755262447881,760.427321033538,906.457434150691,516.440852873306,910.419799621851,586.903085300635,323.588087019432,605.963854020437,699.864228591221,199.368681676355,197.955851070451
"12",804,816.627952828946,802.389419098988,945.201147730493,553.968748440813,953.611366058826,616.929724408383,348.440574642011,637.40349236561,726.355030653386,214.716330690005,213.175717523457
"13",877,854.369969324073,840.336534067762,978.881131162538,589.462436247893,991.759771858555,643.762390886398,372.166797009524,665.560483382818,748.968498364456,229.374237968716,227.708497052937
"14",950,888.388792871503,874.652819922162,1008.15922094413,623.032181010833,1025.45388516526,667.740833343546,394.817795693424,690.777574206732,768.272639943585,243.373401558429,241.585207821233
"15",1023,919.051712425724,905.685680094359,1033.61069674086,654.782270254636,1055.21378545216,689.168652213873,416.442299745258,713.361716598912,784.751585809991,256.743427565958,254.835468835617
"16",1096,946.689782837551,933.749277294351,1055.73569209177,684.811338583111,1081.49882997982,708.317157426863,437.086827241086,733.587815906914,798.818792749866,269.512590100785,267.487560496986
"17",1169,971.601400985699,959.127714379706,1074.96898109336,713.21267429256,1104.71475484296,725.42880506648,456.795788325793,751.702080211697,810.827229436355,281.707892353745,279.568486278222
"18",1242,994.055527216057,982.077911016621,1091.68850660291,740.074509101594,1125.21992280245,740.720259984619,475.611580870382,767.925010223839,821.078226312703,293.355124214107,291.10403085918
"19",1315,1014.29458924017,1002.83220427248,1106.22281403395,765.480292010237,1143.33084970756,754.385138954028,493.574681454889,782.454082676333,829.828971381296,304.47891660346,302.118814955413
"20",1388,1032.53709967588,1021.60070092626,1118.85750621917,789.508948644699,1159.32709364121,766.59646343121,510.723732258629,795.466155509403,837.29901141938,315.102793471813,312.636347773209
"21",1461,1048.98001518615,1038.57340447447,1129.84086145126,812.235126438103,1173.45557020776,777.508850256588,527.095624248608,807.119620637543,843.675783185672,325.24922154588,322.679077188617
"22",1534,1063.80086297302,1053.92213862784,1139.38870744248,833.729426561952,1185.9343658096,787.260469457106,542.725576613356,817.556332084171,849.119295671933,334.939657892391,332.26843771106
"23",1607,1077.15965746508,1067.80228680024,1147.6886640568,854.058623228639,1196.95610209291,795.974793699909,557.647212504703,826.903332710935,853.766133939276,344.194595291389,341.424896228409
"24",1680,1089.20062791692,1080.35436512575,1154.90382832423,873.285871136046,1206.69090972185,803.762161667409,571.892631333614,835.274400661408,857.732893780916,353.033605550846,350.167995667557
"25",1753,1100.05377539602,1091.70544484184,1161.17598088787,891.470901655263,1215.2890538985,810.72117514668,585.492477828031,842.771434355616,861.119106705193,361.47538089569,358.516396705355
"26",1826,1109.83627685306,1101.97043901,1166.62837203167,908.670208422904,1222.88325457993,816.939947497608,598.476007963485,849.485692863981,864.009737359406,369.537773502546,366.487917602258
"27",1899,1118.65374990168,1111.25326572029,1171.36814340523,924.937222821158,1229.59073503184,822.497219324671,610.871151898341,855.498906777048,866.477315723514,377.237833252388,374.099572232297
"28",1972,1126.60139317352,1119.64790005406,1175.48843339921,940.32247997307,1235.5150312018,827.463355471406,622.704574055062,860.884273086633,868.583756729347,384.5918437858,381.367606395479
"29",2045,1133.76501398312,1127.23932536359,1179.07020734976,954.873775732808,1240.74758988925,831.901235962979,634.00173048068,865.707346189878,870.38191389074,391.615356938464,388.307532491511
"30",2118,1140.22195488491,1134.10439366003,1182.18384853757,968.636315168836,1245.36918030815,835.867052178168,644.786923606798,870.026835862831,871.916905462542,398.323225628864,394.934162627982
"31",2191,1146.04192873481,1140.31260368038,1184.89054124932,981.65285299832,1249.45114083181,839.411018331045,655.083354529947,873.895321916295,873.227246498084,404.729635268638,401.261640234603
"32",2264,1151.28777132937,1145.92680444166,1187.24347307218,993.963826409577,1253.05648016448,842.578007271336,664.913172922192,877.359894233608,874.345815266713,410.848133761478,407.303470250395
"33",2337,1156.01611981282,1151.00383148884,1189.28888005129,1005.60748068369,1256.2408499369,845.408118653689,674.297524679193,880.462725981226,875.30067820395,416.69166015331,413.072547947573
"34",2410,1160.2780241643,1155.59508227125,1191.06695524653,1016.61998800752,1259.05340373886,847.937186669881,683.256597409225,883.241586969611,876.115794139574,422.272571994995,418.581186454295
"35",2483,1164.11949836289,1159.74703646631,1192.6126385419,1027.03555984626,1261.53755584878,850.197233772764,691.809663860738,885.730303413451,876.81161545905,427.602671475371,423.841143034979
"36",2556,1167.58201718113,1163.50172651808,1193.95630322831,1036.88655322479,1263.73165137184,852.216876136887,699.975123381875,887.959169687703,877.405601280342,432.693230379831,428.863644184204
"37",2629,1170.70296397051,1166.89716315407,1195.1243528507,1046.20357124801,1265.66955813087,854.021685989637,707.770541501131,889.955317091635,877.912655528394,437.555013927248,433.659409587782
"38",2702,1173.5160342738,1169.96772018808,1196.13974004824,1055.01555817252,1267.38118944649,855.634515400648,715.212687714301,891.74304410974,878.345500894845,442.198303535629,438.238675002128
"39",2775,1176.05159962152,1172.74448250466,1197.0224175828,1063.34988932485,1268.89296587584,857.075785629232,722.317571559003,893.344112189667,878.714998067898,446.632918564665,442.611214100762
"40",2848,1178.33703544055,1175.2555607479,1197.78973041863,1071.23245614568,1270.22822303753,858.363745693465,729.100477054381,894.778010637585,879.030418242135,450.868237081145,446.786359334577
"41",2921,1180.39701661501,1177.52637590052,1198.45675655782,1078.68774662421,1271.4075718177,859.514703434879,735.575995580067,896.062193855474,879.29967574549,454.913215691146,450.773021850392
"42",2994,1182.25378389053,1179.57991663396,1199.03660332903,1085.73892137256,1272.44921651746,860.543232004443,741.75805726515,897.212293808161,879.529526620718,458.776408480943,454.57971051029
"43",3067,1183.92738399826,1181.43697203499,1199.54066495171,1092.40788557656,1273.36923585252,861.462354384305,747.659960954649,898.242310306387,879.725738143833,462.4659851067,458.214550052368
"44",3140,1185.43588609084,1183.11634206468,1199.978846437,1098.71535704642,1274.18183114252,862.283708281671,753.29440281798,899.164781422171,879.893233533028,465.98974807118,461.685298431618
"45",3213,1186.79557682749,1184.63502788043,1200.3597582252,1104.68093057871,1274.89954552109,863.017693482662,758.673503660939,899.990936110877,880.036215479022,469.355149224025,464.999363377985
"46",3286,1188.02113621413,1186.00840394777,1200.69088538428,1110.32313882954,1275.5334575503,863.673603531913,763.808834999974,900.730830897819,880.158271596379,472.569305520503,468.16381820692
"47",3359,1189.12579609721,1187.25037368421,1200.97873469448,1115.65950988816,1276.09335222814,864.259743405206,768.711443954811,901.393472293221,880.262464441711,475.639014072023,471.185416916187
"48",3432,1190.12148302239,1188.373510211,1201.22896250912,1120.7066217297,1276.58787202873,864.783534665085,773.391877013017,901.986926425688,880.351408357456,478.570766520279,474.070608601138
"49",3505,1191.01894700034,1189.38918363748,1201.44648590418,1125.48015371637,1277.0246503066,865.251609430899,777.860202717585,902.518417228686,880.427335069342,481.370762765395,476.825551219223
"50",3578,1191.82787757014,1190.30767616681,1201.63557930078,1129.99493530695,1277.41042912433,865.669894353106,782.126033326377,902.99441437525,880.492149683467,484.044924077113,479.456124733117
"51",3651,1192.55700841308,1191.13828618813,1201.79995845932,1134.26499212599,1277.75116332233,866.043685655104,786.198545490007,903.420712031315,880.547478488044,486.598905616755,481.967943660515
"52",3724,1193.21421164656,1191.88942240915,1201.94285349555,1138.30358953586,1278.05211243708,866.377716192739,790.086499992637,903.802499386296,880.594709759222,489.038108396425,484.366369057377
"53",3797,1193.80658281598,1192.56868898198,1202.06707235373,1142.12327384692,1278.31792188679,866.676215380591,793.798260598172,904.144423819496,880.635028594846,491.367690700761,486.656519960201
"54",3870,1194.34051750237,1193.18296248396,1202.17505598376,1145.73591129389,1278.55269467758,866.942962743809,797.341812042378,904.450647471205,880.669446650206,493.592578995375,488.843284311749
"55",3943,1194.82178037276,1193.73846153299,1202.26892630689,1149.15272489954,1278.76005473703,867.181335773551,800.724777209638,904.724897907152,880.69882752186,495.717478345054,490.931329393541
"56",4016,1195.25556741884,1194.24080974185,1202.35052791225,1152.38432934008,1278.94320285276,867.394352691967,803.954433531295,904.970513493007,880.723908416471,497.746882363762,492.925111787382
"57",4089,1195.64656205594,1194.69509264906,1202.42146430382,1155.44076392078,1279.1049660794,867.584710668205,807.037728640852,905.190484031273,880.745318648334,499.685082717475,494.828886887189
"58",4162,1195.99898568779,1195.10590920249,1202.48312940987,1158.33152376408,1279.24784137675,867.754819969321,809.981295319719,905.387487155226,880.763595429747,501.536178199941,496.646717981415
"59",4235,1196.31664328335,1195.47741831693,1202.53673497424,1161.06558930711,1279.37403415256,867.906834478499,812.791465765642,905.563920922917,880.779197350406,503.304083400579,498.382484925456
"60",4308,1196.60296445732,1195.81338097708,1202.58333436757,1163.65145420034,1279.48549230495,868.042678967008,815.474285214521,905.721933007989,880.792515884056,504.992536982823,500.039892422555
"61",4381,1196.86104049837,1196.11719831189,1202.62384328644,1166.097151694,1279.58393629,868.164073465192,818.035524944919,905.863446842646,880.803885211105,506.605109590426,501.622477930861
"62",4454,1197.09365774437,1196.39194602609,1202.65905774722,1168.41027959412,1279.67088567849,868.27255504108,820.480694693224,905.990185030996,880.813590603676,508.14521139846,503.133619213549
"63",4527,1197.30332766536,1196.64040553716,1202.68966972804,1170.59802386593,1279.74768261184,868.369497262378,822.815054506197,906.103690317775,880.821875583479,509.616099324947,504.576541548081
"64",4600,1197.49231397883,1196.86509213307,1202.7162807665,1172.66718095774,1279.81551251927,868.456127588248,825.043626056372,906.205344367708,880.828948032103,511.020883918408,505.954324610026
"65",4673,1197.66265709007,1197.06828043592,1202.73941378006,1174.62417891485,1279.87542241593,868.533542911107,827.171203444678,906.296384584081,880.834985407053,512.362535935865,507.269909046105
"66",4746,1197.81619612164,1197.25202742915,1202.75952334165,1176.47509734889,1279.92833706457,868.602723445211,829.202363513499,906.377919171268,880.84013919441,513.643892625228,508.526102750512
"67",4819,1197.95458876953,1197.41819328145,1202.77700461212,1178.22568632471,1279.97507325002,868.664545137897,831.141475692381,906.450940624562,880.844538709795,514.867663725345,509.725586857892
"68",4892,1198.07932920063,1197.56846017825,1202.79220110541,1179.88138422363,1280.01635238701,868.719790760615,832.992711397536,906.516337811512,880.848294343166,516.036437196395,510.870921465769
"69",4965,1198.19176418464,1197.7043493514,1202.80541143863,1181.44733463821,1280.05281165587,868.769159820193,834.760053005392,906.574906791833,880.851500329028,517.15268469276,511.964551098651
"70",5038,1198.29310763454,1197.82723647939,1202.81689520007,1182.92840235144,1280.08501383796,868.813277415828,836.447302419481,906.627360507594,880.85423711039,518.218766789939,513.008809925454
"71",5111,1198.38445371269,1197.93836561408,1202.82687805023,1184.32918844961,1280.1134560027,868.852702153939,838.058089249083,906.674337461641,880.856573356476,519.236937976547,514.005926741393
"72",5184,1198.46678864408,1198.03886177489,1202.83555615607,1185.65404461607,1280.1385771803,868.887933221106,839.595878617241,906.716409489896,880.858567686691,520.209351421988,514.958029724971
"73",5257,1198.54100136414,1198.129742338,1202.84310004581,1186.90708665018,1280.16076513855,868.919416704655,841.063978614934,906.754088722136,880.860270141384,521.138063529845,515.867150980224
"74",5330,1198.60789311624,1198.21192733575,1202.84965795989,1188.09220725347,1280.18036236839,868.947551240907,842.465547417433,906.787833815992,880.861723437274,522.025038286647,516.735230873897
"75",5403,1198.66818610232,1198.28624877067,1202.85535876392,1189.21308812265,1280.19767137056,868.972693062613,843.803600078168,906.818055540047,880.862964039427,522.87215141519,517.564122176842
"76",5476,1198.72253128028,1198.35345903822,1202.86031448097,1190.27321138727,1280.21295932495,868.995160509492,845.081015014709,906.845121773993,880.864023076142,523.681194341211,518.355594018437
"77",5549,1198.77151539201,1198.41423854374,1202.86462249285,1191.27587042719,1280.22646221479,869.015238058971,846.30054020081,906.86936198672,880.864927120005,524.453877981791,519.111335662501
"78",5622,1198.81566729825,1198.46920259056,1202.8683674537,1192.22418010391,1280.23838846924,869.033179928166,847.464799077853,906.891071246833,880.865698854633,525.1918363635,519.832960112742
"79",5695,1198.85546368848,1198.51890760899,1202.87162295349,1193.12108643711,1280.24892218068,869.049213292723,848.57629619839,906.910513814436,880.866357643837,525.896630077945,520.522007555444
"80",5768,1198.89133422747,1198.56385678941,1202.87445296409,1193.96937575683,1280.25822594635,869.063541163261,849.637422613934,906.927926357887,880.866920017481,526.569749582014,521.179948646735
"81",5841,1198.92366619428,1198.60450517632,1202.87691309633,1194.77168335943,1280.26644337817,869.076344955841,850.650461018588,906.943520834688,880.867400086239,527.212618349815,521.808187651458
"82",5914,1198.95280866348,1198.641264275,1202.87905169278,1195.53050169443,1280.27370131953,869.087786789014,851.617590659571,906.957487071578,880.867809895653,527.826595882951,522.408065440335
"83",5987,1198.97907627398,1198.67450621738,1202.88091077771,1196.24818810755,1280.28011180326,869.09801153653,852.540892025216,906.969995075235,880.868159728364,528.412980585517,522.980862351833
"84",6060,1199.00275262608,1198.70456752936,1202.88252688296,1196.92697216406,1280.28577378087,869.10714866169,853.422351320514,906.981197101717,880.868458362123,528.973012509888,523.527800924831
"85",6133,1199.02409334332,1198.7317525376,1202.8839317658,1197.56896257511,1280.29077465006,869.115313856581,854.263864739835,906.991229509825,880.868713290034,529.507875979113,524.050048507924
"86",6206,1199.04332883241,1198.75633645043,1202.88515303261,1198.17615374869,1280.29519160369,869.122610506944,855.067242546018,907.000214420957,880.868930908564,530.018702091451,524.548719750934
"87",6279,1199.0606667708,1198.77856814389,1202.88621468177,1198.75043198546,1280.29909282139,869.129131001216,855.83421296461,907.008261205656,880.869116678041,530.506571112351,525.024878983939
"88",6352,1199.07629434886,1198.79867268126,1202.88713757505,1199.2935813387,1280.30253852195,869.134957900332,856.566425901623,907.01546781494,880.869275259659,530.972514758938,525.479542488913
"89",6425,1199.09038029096,1198.81685359148,1202.8879398476,1199.80728915668,1280.30558189281,869.140164983093,857.265456492806,907.021921972635,880.869410632434,531.417518381824,525.913680668804
"90",6498,1199.10307667706,1198.83329492959,1202.88863726439,1200.29315132458,1280.30826991113,869.144818180331,857.93280849208,907.027702243204,880.869526193038,531.842523048873,526.328220118698
"91",6571,1199.11452058465,1198.84816314001,1202.88924352988,1200.75267722223,1280.3106440689,869.148976409714,858.56991750641,907.032878988091,880.869624841036,532.248427535319,526.724045603482
"92",6644,1199.12483556879,1198.86160874156,1202.88977055743,1201.18729441322,1280.31274101345,869.152692321745,859.178154084081,907.03751522221,880.869709051593,532.636090224439,527.102001946225
"93",6717,1199.13413299598,1198.87376785123,1202.89022870329,1201.5983530797,1280.314593113,869.156012966413,859.758826663022,907.041667381004,880.869780937545,533.006330922814,527.46289583131
"94",6790,1199.14251324662,1198.88476356215,1202.8906269702,1201.98713021688,1280.31622895632,869.158980388923,860.313184385512,907.045386007417,880.869842302608,533.359932594011,527.807497526169
"95",6863,1199.15006679874,1198.89470718977,1202.89097318425,1202.35483360019,1280.3176737941,869.161632162068,860.842419785341,907.048716367137,880.869894686599,533.697643014346,528.136542525288
"96",6936,1199.15687520483,1198.90369939873,1202.89127414867,1202.70260553727,1280.31894992864,869.164001861961,861.347671353179,907.051698999597,880.869939403925,534.020176354239,528.450733119995
"97",7009,1199.16301197238,1198.91183122195,1202.8915357775,1203.03152641674,1280.32007705822,869.166119493178,861.830025985704,907.054370211463,880.869977576645,534.328214688499,528.750739897387
"98",7082,1199.16854335748,1198.9191849822,1202.89176321185,1203.34261806451,1280.32107258105,869.168011868655,862.290521323725,907.056762518574,880.870010162597,534.62240943874,529.037203171582
"99",7155,1199.17352908014,1198.92583512552,1202.89196092088,1203.63684691817,1280.32195186391,869.169702949218,862.730147984362,907.058905041761,880.870037979434,534.903382750963,529.310734350364
"100",7228,1199.17802296912,1198.93184897486,1202.89213278964,1203.91512702933,1280.32272847928,869.171214146963,863.149851692056,907.060823861343,880.870061725111,535.171728811242,529.571917240129
"101",7301,1199.18207354303,1198.93728741161,1202.89228219542,1204.17832290325,1280.32341441492,869.172564596304,863.550535313008,907.062542334508,880.8700819955,535.428015102269,529.821309291922
"102",7374,1199.1857245342,1198.94220549196,1202.89241207394,1204.42725218447,1280.32402025882,869.17377139629,863.933060797431,907.064081379676,880.8700992995,535.672783603435,530.059442791225
"103",7447,1199.18901536084,1198.94665300427,1202.89252497735,1204.6626881969,1280.32455536274,869.174849827126,864.298251033772,907.065459731161,880.870114071353,535.906551936977,530.286825994028
"104",7520,1199.19198155261,1198.95067497307,1202.89262312434,1204.88536234629,1280.32502798644,869.175813543631,864.646891618906,907.066694167194,880.870126681598,536.129814462616,530.503944211616
"105",7593,1199.19465513424,1198.95431211488,1202.89270844352,1205.09596639234,1280.32544542531,869.176674748143,864.979732548119,907.067799714174,880.870137446548,536.343043322998,530.711260846388
"106",7666,1199.19706497125,1198.95760125045,1202.89278261151,1205.29515459777,1280.32581412287,869.17744434502,865.29748982849,907.068789829571,880.870146636252,536.546689442157,530.909218380909
"107",7739,1199.19923708169,1198.96057567746,1202.89284708576,1205.48354576085,1280.32613977029,869.178132078705,865.600847019169,907.069676565747,880.870154481182,536.741183479098,531.098239322313
"108",7812,1199.20119491689,1198.96326550765,1202.89290313324,1205.66172513773,1280.32642739423,869.178746657111,865.890456701845,907.070470716657,880.870161178186,536.926936738539,531.278727104079
"109",7885,1199.20295961479,1198.9656979716,1202.89295185533,1205.83024626062,1280.3266814344,869.179295861875,866.166941884584,907.07118194925,880.870166895288,537.104342040701,531.451066947086
"110",7958,1199.20455022806,1198.96789769442,1202.89299420945,1205.98963265739,1280.32690581215,869.179786646893,866.430897342038,907.071818921133,880.870171775796,537.273774552036,531.615626681807
"111",8031,1199.20598392987,1198.96988694506,1202.8930310279,1206.14037947798,1280.32710399093,869.18022522636,866.682890894928,907.072389385963,880.870175942378,537.435592578596,531.772757533378
"112",8104,1199.20727619929,1198.97168586177,1202.89306303418,1206.28295503258,1280.32727902982,869.180617153462,866.923464631539,907.072900287826,880.870179498606,537.590138323762,531.922794871233
"113",8177,1199.2084409884,1198.97331265592,1202.89309085726,1206.41780224654,1280.32743363069,869.180967390681,867.153136073854,907.073357845769,880.870182534043,537.737738611918,532.066058924888
"114",8250,1199.20949087292,1198.97478379642,1202.89311504382,1206.54534003635,1280.32757017993,869.181280372634,867.372399290856,907.073767629498,880.870185124663,537.878705579596,532.202855467424
"115",8323,1199.21043718802,1198.97611417639,1202.89313606915,1206.66596461101,1280.32769078526,869.18156006222,867.58172596136,907.074134627181,880.870187339205,538.013337335569,532.333476468103
"116",8396,1199.21129015064,1198.97731726398,1202.89315434671,1206.78005070294,1280.3277973083,869.181810000798,867.781566388696,907.074463306164,880.87018922265,538.141918591268,532.45820071553
"117",8469,1199.21205896987,1198.97840523868,1202.8931702356,1206.88795273209,1280.32789139333,869.18203335303,867.972350469394,907.074757667351,880.870190836402,538.264721262879,532.577294412679
"118",8542,1199.2127519463,1198.97938911462,1202.89318404808,1206.99000590701,1280.32797449267,869.182232946944,868.15448861798,907.075021293909,880.870192268029,538.382005046374,532.691011745061
"119",8615,1199.21337656172,1198.98027885211,1202.89319605545,1207.08652726617,1280.32804788905,869.182411309751,868.328372649861,907.075257394878,880.870193352767,538.4940179667,532.799595423236
"120",8688,1199.21393955983,1198.98108345843,1202.89320649365,1207.17781666293,1280.3281127154,869.182570699827,868.494376624195,907.075468844242,880.870194278472,538.600996902285,532.903277200843
"121",8761,1199.21444701907,1198.98181107903,1202.89321556772,1207.26415769699,1280.32816997241,869.182713135335,868.652857648569,907.075658215905,880.870195068462,538.703168085982,533.002278369236
"122",8834,1199.21490441827,1198.98246908,1202.89322345594,1207.34581859551,1280.32822054389,869.182840419767,868.804156647206,907.07582781503,880.870195742632,538.800747583488,533.096810229795
"123",8907,1199.21531669577,1198.98306412263,1202.89323031329,1207.42305304629,1280.32826521047,869.182954164722,868.948599094364,907.075979706092,880.870196317963,538.893941750266,533.187074544911
"124",8980,1199.21568830276,1198.98360223085,1202.89323627448,1207.49610098596,1280.32830466162,869.183055810395,869.086495714493,907.076115738012,880.870196808945,538.982947667939,533.273263968616
"125",9053,1199.21602325131,1198.98408885222,1202.89324145663,1207.5651893453,1280.32833950629,869.183146643819,869.218143150667,907.076237566666,880.870197227946,539.067953561061,533.355562457771
"126",9126,1199.21632515772,1198.98452891306,1202.89324596129,1207.63053275428,1280.32837028238,869.183227815111,869.343824602721,907.076346675026,880.870197585517,539.149139195168,533.434145664689
"127",9199,1199.21659728154,1198.98492686835,1202.89324987679,1207.69233420879,1280.32839746494,869.183300352051,869.463810436471,907.076444391238,880.870197890665,539.226676256931,533.509181312037
"128",9272,1199.21684256079,1198.98528674678,1202.89325328097,1207.75078570128,1280.32842147358,869.183365173093,869.578358765325,907.076531904784,880.870198151076,539.300728717234,533.580829550812
"129",9345,1199.21706364363,1198.9856121916,1202.89325623928,1207.80606881722,1280.32844267888,869.183423098992,869.687716005534,907.076610280903,880.870198373309,539.371453177929,533.649243302155
"130",9418,1199.217262917,1198.98590649747,1202.89325881044,1207.85835529918,1280.32846140823,869.183474863198,869.792117406288,907.076680473635,880.87019856296,539.438999203003,533.714568583738
"131",9491,1199.21744253237,1198.98617264379,1202.89326104507,1207.90780758039,1280.32847795075,869.183521121143,869.891787555776,907.076743337426,880.870198724807,539.503509634875,533.77694482141
"132",9564,1199.21760442898,1198.9864133249,1202.89326298721,1207.95457928936,1280.32849256171,869.183562458538,869.986940864326,907.076799637502,880.870198862926,539.565120896468,533.836505146783
"133",9637,1199.21775035474,1198.98663097735,1202.89326467517,1207.99881572712,1280.32850546679,869.183599398793,870.077782025642,907.076850059185,880.870198980795,539.623963279705,533.893376681375
"134",9710,1199.21788188516,1198.98682780454,1202.89326614208,1208.04065431863,1280.32851686463,869.183632409639,870.16450645714,907.076895216245,880.870199081384,539.680161221047,533.947680807933
"135",9783,1199.21800044031,1198.98700579907,1202.89326741694,1208.08022503969,1280.32852693126,869.183661909057,870.247300720334,907.076935658376,880.870199167225,539.733833564643,533.999533429502
"136",9856,1199.21810730017,1198.98716676287,1202.89326852493,1208.11765082073,1280.32853582237,869.183688270562,870.326342922159,907.076971877875,880.870199240482,539.785093813654,534.0490452168
"137",9929,1199.21820361844,1198.98731232545,1202.89326948791,1208.15304792873,1280.32854367996,869.183711827942,870.401803098124,907.077004315634,880.870199302998,539.834050370282,534.096321844428
"138",10002,1199.21829043505,1198.98744396043,1202.89327032624,1208.18652632838,1280.32855061449,869.183732879476,870.473843578084,907.077033366521,880.870199356349,539.880806765016,534.141464216414
"139",10075,1199.2183686873,1198.98756300041,1202.8932710549,1208.21819002369,1280.32855674927,869.183751691721,870.542619335449,907.077059384212,880.870199401878,539.925461875569,534.184568681574
"140",10148,1199.21843922007,1198.9876706505,1202.89327168878,1208.24813738114,1280.32856228442,869.183768502834,870.60827832056,907.077082685403,880.870199440733,539.96811013598,534.225727239156
"141",10221,1199.21850279488,1198.98776800049,1202.89327220119,1208.27646143521,1280.32856678169,869.183783525695,870.670961778963,907.077103553618,880.87019947389,540.008841736318,534.265027735193
"142",10294,1199.21856009811,1198.98785603592,1202.89327264654,1208.30325017743,1280.32857075388,869.183796950619,870.730804555251,907.077122242963,880.870199502187,540.047742813409,534.302554049999
"143",10367,1199.21861174845,1198.98793564799,1202.89327303359,1208.32858682974,1280.3285742623,869.183808947577,870.787935383145,907.077138980635,880.870199526335,540.084895632997,534.338386277195
"144",10440,1199.21865830355,1198.98800764265,1202.89327336999,1208.352550103,1280.3285773611,869.183819668471,870.842477162427,907.077153970306,880.870199546943,540.120378763711,534.372600894656
"145",10513,1199.21870026605,1198.98807274876,1202.89327366236,1208.37521444153,1280.32858009803,869.183829249035,870.894547223318,907.077167394835,880.87019956453,540.154267243219,534.405270927741
"146",10586,1199.21873808901,1198.98813162543,1202.89327391646,1208.3966502544,1280.32858251517,869.183837810577,870.944257578882,907.077179419832,880.870199579538,540.186632736912,534.436466105154
"147",10659,1199.21877218078,1198.98818486868,1202.8932741373,1208.41692413412,1280.32858464975,869.183845461478,870.991715165987,907.077190191935,880.870199592346,540.217543689461,534.466253007764
"148",10732,1199.21880290943,1198.98823301754,1202.89327432924,1208.43609906353,1280.32858653481,869.183852298586,871.037022075349,907.077199845703,880.870199603276,540.247065469555,534.494695210718
"149",10805,1199.21883060675,1198.98827655945,1202.89327449606,1208.4542346115,1280.32858819951,869.183858408469,871.080275771145,907.077208491561,880.870199612603,540.275260508145,534.521853419123
"150",10878,1199.21885557176,1198.9883159352,1202.89327464104,1208.47138711793,1280.32858966961,869.183863868329,871.121569300684,907.07721623474,880.870199620559,540.302188430462,534.547785597617
"151",10951,1199.21887807401,1198.98835154342,1202.89327476705,1208.48760986882,1280.32859096786,869.183868747285,871.160991494565,907.077223169485,880.87019962734,540.327906182117,534.572547094085
"152",11024,1199.21889835644,1198.98838374459,1202.89327487656,1208.50295326177,1280.32859211436,869.183873107248,871.198627157774,907.077229380202,880.870199633111,540.35246814952,534.596190757784
"153",11097,1199.21891663803,1198.9884128647,1202.89327497175,1208.51746496259,1280.32859312683,869.183877003965,871.234557252112,907.077234942483,880.870199638079,540.375926274896,534.618767052146
"154",11170,1199.21893311616,1198.98843919856,1202.89327505447,1208.53119005334,1280.32859402095,869.183880487697,871.268859070364,907.07723992403,880.870199642371,540.398330166127,534.640324162484
"155",11243,1199.21894796876,1198.98846301275,1202.89327512637,1208.5441711724,1280.32859481055,869.183883602595,871.301606402566,907.07724438547,880.870199646077,540.419727201665,534.660908098831
"156",11316,1199.21896135622,1198.98848454837,1202.89327518885,1208.55644864692,1280.32859550785,869.183886409077,871.332869694747,907.077248381114,880.870199649276,540.44016263072,534.680562794145
"157",11389,1199.21897342309,1198.98850402342,1202.89327524316,1208.56806061812,1280.32859612363,869.183888760302,871.362716200471,907.077251959243,880.870199652038,540.459679668953,534.699330198075
"158",11462,1199.21898429963,1198.98852163508,1202.89327529036,1208.57904315976,1280.32859666744,869.183890861314,871.391210125511,907.077255195999,880.870199654423,540.478319589864,534.717250366494
"159",11535,1199.21899410326,1198.98853756166,1202.89327533138,1208.58943039021,1280.32859714767,869.183892738601,871.418412765972,907.077257911976,880.870199656482,540.496121812078,534.734361546996
"160",11608,1199.21900293982,1198.98855196437,1202.89327536704,1208.59925457845,1280.32859757177,869.183894416013,871.444382640146,907.077260344068,880.87019965826,540.513123982703,534.750700260522
"161",11681,1199.21901090471,1198.98856498901,1202.89327539802,1208.60854624432,1280.32859794629,869.183895914824,871.469175614402,907.077262522,880.870199659795,540.529362056943,534.766301379315
"162",11754,1199.21901808391,1198.98857676747,1202.89327542495,1208.6173342533,1280.32859827703,869.183897254053,871.492845023361,907.077264472319,880.87019966112,540.544870374136,534.781198201345
"163",11827,1199.21902455492,1198.98858741877,1202.89327544836,1208.62564590624,1280.32859856911,869.183898450691,871.515441784632,907.077266218816,880.870199662264,540.559681730373,534.795422521378
"164",11900,1199.21903038761,1198.98859705077,1202.8932754687,1208.63350702413,1280.32859882705,869.183899519919,871.537014508347,907.077267782791,880.870199663252,540.573827447851,534.809004698839
"165",11973,1199.21903564493,1198.98860576116,1202.89327548638,1208.64094202832,1280.32859905484,869.183900475303,871.557609601727,907.07726918332,880.870199664105,540.587337441114,534.821973722606
"166",12046,1199.21904038365,1198.9886136386,1202.89327550175,1208.64797401641,1280.32859925599,869.183901328965,871.577271368916,907.077270437483,880.870199664841,540.600240280311,534.834357272883
"167",12119,1199.21904465493,1198.98862076621,1202.89327551511,1208.65462483396,1280.32859943364,869.183902091734,871.59604210629,907.077271560578,880.870199665477,540.612563251619,534.84618178028
"168",12192,1199.21904850486,1198.98862721369,1202.89327552671,1208.66091514243,1280.32859959051,869.18390277329,871.613962193439,907.0772725663,880.870199666026,540.624332414944,534.857472482224
"169",12265,1199.21905197503,1198.98863304429,1202.8932755368,1208.66686448328,1280.32859972905,869.183903382278,871.631070180038,907.077273466918,880.8701996665,540.635572659031,534.868253476824
"170",12338,1199.21905510287,1198.98863831704,1202.89327554557,1208.67249133875,1280.3285998514,869.183903926426,871.647402868771,907.077274273414,880.870199666909,540.646307754094,534.878547774303
"171",12411,1199.21905792209,1198.98864308531,1202.89327555319,1208.67781318923,1280.32859995944,869.183904412637,871.662995394501,907.077274995626,880.870199667262,540.656560402093,534.888377346111
"172",12484,1199.21906046299,1198.98864741826,1202.8932755598,1208.68284656758,1280.32860005485,869.183904847079,871.677881299855,907.077275642361,880.870199667567,540.666352284731,534.897763171819
"173",12557,1199.21906275303,1198.98865112594,1202.89327556552,1208.6876071105,1280.32860013911,869.183905235265,871.692092607377,907.077276221508,880.87019966783,540.675704109314,534.906725283899
"174",12630,1199.21906481697,1198.98865447888,1202.89327557054,1208.6921096071,1280.32860021352,869.18390558212,871.705659888419,907.07727674013,880.870199668058,540.68463565254,534.915282810473
"175",12703,1199.21906667715,1198.98865751101,1202.89327557494,1208.69636804484,1280.32860027923,869.183905892044,871.718612328902,907.077277204552,880.870199668254,540.693165802319,534.923454016146
"176",12776,1199.21906835367,1198.98866025298,1202.89327557879,1208.70039565299,1280.32860033727,869.183906168969,871.730977792103,907.077277620439,880.870199668423,540.701312597715,534.931256340986
"177",12849,1199.21906986467,1198.98866273254,1202.89327558218,1208.70420494371,1280.32860038851,869.18390641641,871.742782878595,907.077277992862,880.87019966857,540.7090932671,534.938706437744
"178",12922,1199.21907122649,1198.98866497471,1202.89327558515,1208.70780775096,1280.32860043377,869.183906637505,871.754052983468,907.077278326365,880.870199668696,540.716524264583,534.945820207404
"179",12995,1199.21907245383,1198.98866700217,1202.89327558775,1208.71121526721,1280.32860047373,869.183906835059,871.76481235096,907.077278625014,880.870199668805,540.723621304806,534.952612833111
"180",13068,1199.21907355997,1198.98866883549,1202.89327559003,1208.71443807826,1280.32860050903,869.183907011579,871.775084126612,907.077278892452,880.870199668899,540.730399396179,534.959098812586
"181",13141,1199.21907455689,1198.98867049326,1202.89327559204,1208.71748619611,1280.3286005402,869.183907169305,871.784890407059,907.077279131941,880.87019966898,540.736872872616,534.965291989063
"182",13214,1199.21907545541,1198.98867199229,1202.89327559379,1208.72036909002,1280.32860056772,869.183907310237,871.79425228756,907.077279346401,880.870199669051,540.74305542385,534.971205580839
"183",13287,1199.21907626584,1198.98867334778,1202.89327559533,1208.72309571601,1280.32860059203,869.183907436163,871.803189907384,907.077279538449,880.870199669111,540.748960124382,534.976852209481
"184",13360,1199.21907699637,1198.98867457347,1202.89327559669,1208.72567454461,1280.32860061349,869.183907548682,871.81172249313,907.077279710427,880.870199669164,540.754599461129,534.982243926772
"185",13433,1199.21907765644,1198.9886756818,1202.89327559787,1208.72811358722,1280.32860063245,869.18390764922,871.819868400088,907.077279864431,880.870199669209,540.759985359836,534.987392240428
"186",13506,1199.21907821957,1198.988676684,1202.89327559891,1208.73042042096,1280.32860064919,869.183907739054,871.827645151725,907.077280002341,880.870199669248,540.765129210288,534.992308138659
"187",13579,1199.2190787271,1198.98867759023,1202.89327559982,1208.73260221225,1280.32860066398,869.183907819324,871.835069477382,907.077280125839,880.870199669282,540.770041890401,534.997002113626
"188",13652,1199.21907918452,1198.98867840969,1202.89327560062,1208.73466573904,1280.32860067703,869.183907891046,871.84215734826,907.07728023643,880.870199669311,540.774733789227,535.001484183829
"189",13725,1199.21907959679,1198.98867915068,1202.89327560133,1208.73661741189,1280.32860068856,869.183907955132,871.84892401178,907.077280335463,880.870199669336,540.779214828922,535.005763915497
"190",13798,1199.21907996835,1198.98867982071,1202.89327560194,1208.73846329386,1280.32860069874,869.183908012395,871.855384024383,907.077280424147,880.870199669357,540.783494485729,535.009850442998
"191",13871,1199.21908030322,1198.98868042659,1202.89327560248,1208.74020911938,1280.32860070773,869.183908063561,871.861551282841,907.077280503563,880.870199669376,540.787581810016,535.013752488339
"192",13944,1199.21908060503,1198.98868097445,1202.89327560295,1208.74186031203,1280.32860071567,869.183908109279,871.867439054155,907.077280574679,880.870199669392,540.791485445423,535.017478379781
"193",14017,1199.21908087705,1198.98868146985,1202.89327560337,1208.7434220014,1280.32860072268,869.183908150129,871.873060004092,907.077280638363,880.870199669406,540.795213647129,535.021036069615
"194",14090,1199.21908112221,1198.98868191781,1202.89327560373,1208.74489903904,1280.32860072887,869.18390818663,871.878426224434,907.077280695391,880.870199669418,540.79877429932,535.024433151131
"195",14163,1199.21908134316,1198.98868232288,1202.89327560405,1208.74629601352,1280.32860073434,869.183908219244,871.883549258989,907.07728074646,880.870199669429,540.802174931856,535.02767687483
"196",14236,1199.2190815423,1198.98868268916,1202.89327560433,1208.74761726468,1280.32860073919,869.183908248386,871.888440128424,907.077280792192,880.870199669438,540.805422736199,535.030774163897
"197",14309,1199.21908172178,1198.98868302037,1202.89327560458,1208.74886689711,1280.3286007435,869.183908274425,871.893109353973,907.077280833144,880.870199669446,540.808524580616,535.033731628974
"198",14382,1199.21908188354,1198.98868331986,1202.8932756048,1208.75004879294,1280.32860074735,869.183908297692,871.897566980069,907.077280869817,880.870199669452,540.811487024709,535.036555582275
"199",14455,1199.21908202933,1198.98868359068,1202.89327560499,1208.75116662383,1280.32860075076,869.183908318481,871.901822595953,907.077280902657,880.870199669458,540.814316333282,535.039252051055
"200",14528,1199.21908216073,1198.98868383556,1202.89327560515,1208.75222386244,1280.3286007538,869.183908337057,871.905885356302,907.077280932065,880.870199669463,540.817018489593,535.041826790472
"201",14601,1199.21908227915,1198.98868405699,1202.8932756053,1208.75322379319,1280.3286007565,869.183908353655,871.909764000921,907.077280958399,880.870199669468,540.819599208006,535.044285295877
"202",14674,1199.21908238588,1198.98868425722,1202.89327560542,1208.75416952247,1280.32860075891,869.183908368486,871.913466873548,907.077280981982,880.870199669471,540.822063946074,535.046632814537
"203",14747,1199.21908248207,1198.98868443828,1202.89327560554,1208.75506398827,1280.32860076105,869.183908381738,871.917001939797,907.0772810031,880.870199669474,540.824417916083,535.048874356836
"204",14820,1199.21908256877,1198.988684602,1202.89327560563,1208.75590996935,1280.32860076295,869.183908393578,871.920376804301,907.077281022011,880.870199669477,540.826666096071,535.05101470697
"205",14893,1199.21908264691,1198.98868475004,1202.89327560572,1208.75671009383,1280.32860076464,869.183908404159,871.923598727064,907.077281038945,880.87019966948,540.82881324036,535.053058433157
"206",14966,1199.21908271733,1198.98868488391,1202.8932756058,1208.75746684739,1280.32860076615,869.183908413612,871.926674639084,907.07728105411,880.870199669482,540.830863889606,535.055009897388
"207",15039,1199.2190827808,1198.98868500496,1202.89327560586,1208.75818258094,1280.32860076749,869.183908422059,871.929611157259,907.07728106769,880.870199669483,540.832822380402,535.056873264736
"208",15112,1199.219082838,1198.98868511441,1202.89327560592,1208.75885951799,1280.32860076868,869.183908429606,871.932414598624,907.077281079851,880.870199669485,540.834692854453,535.058652512245
"209",15185,1199.21908288956,1198.98868521339,1202.89327560597,1208.75949976151,1280.32860076974,869.183908436351,871.93509099394,907.077281090741,880.870199669486,540.836479267327,535.060351437422
"210",15258,1199.21908293602,1198.98868530289,1202.89327560602,1208.76010530049,1280.32860077068,869.183908442369,871.937646100666,907.077281100493,880.870199669487,540.838185396828,535.061973666335
"211",15331,1199.2190829779,1198.98868538382,1202.89327560606,1208.76067801609,1280.32860077152,869.183908447734,871.940085415344,907.077281109225,880.870199669488,540.839814850979,535.063522661362
"212",15404,1199.21908301564,1198.988685457,1202.89327560609,1208.76121968751,1280.32860077227,869.183908452545,871.942414185427,907.077281117045,880.870199669489,540.841371075654,535.065001728571
"213",15477,1199.21908304966,1198.98868552317,1202.89327560612,1208.7617319975,1280.32860077293,869.183908456872,871.944637420561,907.077281124049,880.87019966949,540.842857361869,535.066414024784
"214",15550,1199.21908308032,1198.98868558301,1202.89327560615,1208.76221653762,1280.32860077352,869.18390846076,871.946759903369,907.077281130311,880.870199669491,540.844276852735,535.06776256431
"215",15623,1199.21908310795,1198.98868563711,1202.89327560617,1208.76267481312,1280.32860077405,869.183908464256,871.948786199733,907.077281135903,880.870199669491,540.845632550108,535.06905022538
"216",15696,1199.21908313285,1198.98868568604,1202.89327560619,1208.7631082477,1280.32860077451,869.183908467398,871.95072066862,907.077281140925,880.870199669492,540.84692732094,535.07027975629
"217",15769,1199.2190831553,1198.98868573028,1202.89327560621,1208.76351818786,1280.32860077493,869.183908470223,871.952567471457,907.077281145451,880.870199669492,540.848163903337,535.071453781269
"218",15842,1199.21908317553,1198.98868577028,1202.89327560622,1208.76390590712,1280.3286007753,869.183908472762,871.954330581085,907.077281149527,880.870199669492,540.849344912351,535.072574806075
"219",15915,1199.21908319376,1198.98868580646,1202.89327560624,1208.76427260996,1280.32860077563,869.183908475044,871.956013790304,907.077281153198,880.870199669493,540.850472845511,535.073645223348
"220",15988,1199.21908321019,1198.98868583917,1202.89327560625,1208.7646194356,1280.32860077592,869.183908477096,871.957620720032,907.077281156504,880.870199669493,540.851550088106,535.074667317714
"221",16061,1199.219083225,1198.98868586874,1202.89327560626,1208.76494746147,1280.32860077618,869.18390847894,871.959154827093,907.077281159482,880.870199669493,540.852578918226,535.075643270661
"222",16134,1199.21908323835,1198.98868589549,1202.89327560627,1208.76525770663,1280.32860077641,869.183908480598,871.960619411659,907.077281162165,880.870199669493,540.85356151158,535.076575165198
"223",16207,1199.21908325038,1198.98868591967,1202.89327560628,1208.76555113487,1280.32860077662,869.183908482088,871.962017624343,907.077281164581,880.870199669494,540.8544999461,535.077464990297
"224",16280,1199.21908326122,1198.98868594154,1202.89327560629,1208.76582865777,1280.3286007768,869.183908483428,871.963352472976,907.077281166757,880.870199669494,540.855396206334,535.078314645139
"225",16353,1199.21908327099,1198.98868596132,1202.89327560629,1208.76609113748,1280.32860077696,869.183908484632,871.964626829086,907.077281168717,880.870199669494,540.85625218764,535.079125943171
"226",16426,1199.2190832798,1198.9886859792,1202.8932756063,1208.76633938941,1280.32860077711,869.183908485714,871.965843434065,907.077281170482,880.870199669494,540.857069700198,535.079900615973
"227",16499,1199.21908328773,1198.98868599537,1202.8932756063,1208.7665741848,1280.32860077724,869.183908486687,871.967004905073,907.077281172072,880.870199669494,540.857850472836,535.080640316953
"228",16572,1199.21908329489,1198.98868600999,1202.89327560631,1208.76679625304,1280.32860077735,869.183908487561,871.968113740665,907.077281173504,880.870199669494,540.858596156687,535.081346624879
"229",16645,1199.21908330134,1198.98868602321,1202.89327560631,1208.76700628403,1280.32860077746,869.183908488348,871.969172326166,907.077281174793,880.870199669494,540.859308328679,535.082021047246
"230",16718,1199.21908330715,1198.98868603516,1202.89327560631,1208.76720493023,1280.32860077755,869.183908489054,871.970182938807,907.077281175955,880.870199669495,540.859988494873,535.082665023496
"231",16791,1199.21908331238,1198.98868604597,1202.89327560632,1208.76739280878,1280.32860077763,869.183908489689,871.971147752614,907.077281177001,880.870199669495,540.860638093645,535.083279928089
"232",16864,1199.2190833171,1198.98868605575,1202.89327560632,1208.76757050332,1280.3286007777,869.18390849026,871.972068843095,907.077281177944,880.870199669495,540.861258498729,535.083867073434
"233",16937,1199.21908332135,1198.98868606459,1202.89327560632,1208.76773856589,1280.32860077776,869.183908490774,871.972948191698,907.077281178793,880.870199669495,540.861851022121,535.084427712696
"234",17010,1199.21908332518,1198.98868607258,1202.89327560632,1208.76789751859,1280.32860077782,869.183908491235,871.973787690078,907.077281179557,880.870199669495,540.862416916855,535.084963042464
"235",17083,1199.21908332863,1198.98868607981,1202.89327560632,1208.76804785523,1280.32860077787,869.18390849165,871.974589144161,907.077281180246,880.870199669495,540.862957379653,535.08547420531
"236",17156,1199.21908333175,1198.98868608634,1202.89327560633,1208.76819004283,1280.32860077792,869.183908492023,871.975354278037,907.077281180866,880.870199669495,540.863473553454,535.085962292225
"237",17229,1199.21908333455,1198.98868609225,1202.89327560633,1208.76832452312,1280.32860077796,869.183908492358,871.976084737659,907.077281181424,880.870199669495,540.863966529833,535.086428344949
"238",17302,1199.21908333708,1198.98868609759,1202.89327560633,1208.76845171387,1280.32860077799,869.183908492659,871.976782094392,907.077281181927,880.870199669495,540.864437351308,535.086873358193
"239",17375,1199.21908333936,1198.98868610242,1202.89327560633,1208.76857201023,1280.32860077802,869.18390849293,871.977447848389,907.07728118238,880.870199669495,540.864887013543,535.087298281764
"240",17448,1199.21908334142,1198.98868610679,1202.89327560633,1208.76868578589,1280.32860077805,869.183908493173,871.97808343182,907.077281182788,880.870199669495,540.86531646746,535.087704022589
"241",17521,1199.21908334329,1198.98868611073,1202.89327560633,1208.76879339431,1280.32860077808,869.183908493392,871.97869021195,907.077281183156,880.870199669495,540.865726621242,535.088091446653
"242",17594,1199.21908334498,1198.98868611431,1202.89327560633,1208.7688951698,1280.3286007781,869.183908493589,871.979269494084,907.077281183487,880.870199669495,540.866118342259,535.08846138085
"243",17667,1199.21908334652,1198.98868611754,1202.89327560633,1208.76899142852,1280.32860077812,869.183908493766,871.979822524375,907.077281183785,880.870199669495,540.866492458899,535.088814614741
"244",17740,1199.21908334791,1198.98868612046,1202.89327560633,1208.76908246951,1280.32860077814,869.183908493924,871.980350492499,907.077281184054,880.870199669495,540.866849762323,535.089151902244
"245",17813,1199.21908334916,1198.9886861231,1202.89327560633,1208.76916857561,1280.32860077815,869.183908494067,871.980854534221,907.077281184296,880.870199669495,540.867191008135,535.089473963243
"246",17886,1199.2190833503,1198.98868612548,1202.89327560633,1208.76925001431,1280.32860077816,869.183908494196,871.981335733836,907.077281184514,880.870199669495,540.867516917983,535.089781485124
"247",17959,1199.21908335134,1198.98868612765,1202.89327560633,1208.7693270386,1280.32860077818,869.183908494311,871.9817951265,907.07728118471,880.870199669495,540.867828181081,535.09007512424
"248",18032,1199.21908335227,1198.98868612961,1202.89327560633,1208.76939988777,1280.32860077819,869.183908494415,871.982233700457,907.077281184886,880.870199669495,540.86812545567,535.090355507314
"249",18105,1199.21908335312,1198.9886861314,1202.89327560634,1208.76946878814,1280.3286007782,869.183908494508,871.982652399167,907.077281185046,880.870199669495,540.868409370411,535.090623232777
"250",18178,1199.21908335389,1198.98868613302,1202.89327560634,1208.76953395374,1280.32860077821,869.183908494592,871.983052123335,907.077281185189,880.870199669495,540.868680525708,535.090878872045
"251",18251,1199.21908335458,1198.9886861345,1202.89327560634,1208.76959558703,1280.32860077821,869.183908494668,871.983433732847,907.077281185318,880.870199669495,540.868939494986,535.091122970736
"252",18324,1199.21908335521,1198.98868613584,1202.89327560634,1208.76965387947,1280.32860077822,869.183908494736,871.983798048621,907.077281185434,880.870199669495,540.869186825897,535.091356049838
"253",18397,1199.21908335578,1198.98868613706,1202.89327560634,1208.76970901215,1280.32860077823,869.183908494796,871.984145854373,907.077281185539,880.870199669495,540.869423041484,535.091578606819
"254",18470,1199.2190833563,1198.98868613817,1202.89327560634,1208.76976115636,1280.32860077823,869.183908494851,871.984477898302,907.077281185634,880.870199669495,540.86964864128,535.09179111669
"255",18543,1199.21908335677,1198.98868613917,1202.89327560634,1208.76981047407,1280.32860077824,869.1839084949,871.9847948947,907.077281185718,880.870199669495,540.869864102372,535.091994033017
"256",18616,1199.21908335719,1198.98868614009,1202.89327560634,1208.7698571185,1280.32860077824,869.183908494945,871.98509752549,907.077281185795,880.870199669495,540.870069880403,535.092187788891
"257",18689,1199.21908335758,1198.98868614092,1202.89327560634,1208.76990123457,1280.32860077825,869.183908494984,871.985386441692,907.077281185864,880.870199669495,540.870266410542,535.092372797852
"258",18762,1199.21908335793,1198.98868614167,1202.89327560634,1208.76994295931,1280.32860077825,869.18390849502,871.98566226482,907.077281185926,880.870199669495,540.870454108399,535.092549454771
"259",18835,1199.21908335824,1198.98868614236,1202.89327560634,1208.76998242235,1280.32860077825,869.183908495052,871.985925588226,907.077281185982,880.870199669495,540.870633370906,535.092718136691
"260",18908,1199.21908335853,1198.98868614298,1202.89327560634,1208.77001974629,1280.32860077826,869.183908495081,871.986176978371,907.077281186032,880.870199669495,540.870804577157,535.092879203636
"261",18981,1199.21908335879,1198.98868614355,1202.89327560634,1208.77005504707,1280.32860077826,869.183908495107,871.986416976045,907.077281186078,880.870199669495,540.87096808921,535.093032999376
"262",19054,1199.21908335902,1198.98868614406,1202.89327560634,1208.77008843437,1280.32860077826,869.18390849513,871.986646097531,907.077281186119,880.870199669495,540.87112425285,535.093179852163
"263",19127,1199.21908335923,1198.98868614453,1202.89327560634,1208.7701200119,1280.32860077826,869.183908495152,871.986864835714,907.077281186155,880.870199669495,540.871273398323,535.093320075429
"264",19200,1199.21908335943,1198.98868614495,1202.89327560634,1208.77014987776,1280.32860077826,869.18390849517,871.987073661144,907.077281186188,880.870199669495,540.871415841034,535.093453968457
"265",19273,1199.2190833596,1198.98868614534,1202.89327560634,1208.77017812473,1280.32860077827,869.183908495187,871.987273023046,907.077281186218,880.870199669495,540.871551882211,535.09358181702
"266",19346,1199.21908335976,1198.98868614569,1202.89327560634,1208.77020484057,1280.32860077827,869.183908495203,871.987463350288,907.077281186245,880.870199669495,540.871681809547,535.093703893988
"267",19419,1199.2190833599,1198.98868614601,1202.89327560634,1208.77023010828,1280.32860077827,869.183908495216,871.9876450523,907.077281186269,880.870199669495,540.871805897804,535.093820459915
"268",19492,1199.21908336003,1198.9886861463,1202.89327560634,1208.77025400634,1280.32860077827,869.183908495228,871.98781851996,907.077281186291,880.870199669495,540.871924409398,535.093931763591
"269",19565,1199.21908336015,1198.98868614656,1202.89327560634,1208.770276609,1280.32860077827,869.18390849524,871.987984126432,907.077281186311,880.870199669495,540.872037594949,535.094038042574
"270",19638,1199.21908336026,1198.9886861468,1202.89327560634,1208.77029798648,1280.32860077827,869.18390849525,871.988142227968,907.077281186329,880.870199669495,540.872145693817,535.094139523701
"271",19711,1199.21908336035,1198.98868614702,1202.89327560634,1208.77031820518,1280.32860077827,869.183908495259,871.988293164676,907.077281186344,880.870199669495,540.872248934601,535.094236423564
"272",19784,1199.21908336044,1198.98868614721,1202.89327560634,1208.77033732793,1280.32860077827,869.183908495267,871.988437261251,907.077281186359,880.870199669495,540.872347535631,535.09432894898
"273",19857,1199.21908336052,1198.98868614739,1202.89327560634,1208.77035541412,1280.32860077827,869.183908495274,871.988574827673,907.077281186372,880.870199669495,540.872441705421,535.094417297431
"274",19930,1199.21908336059,1198.98868614756,1202.89327560634,1208.77037251995,1280.32860077827,869.18390849528,871.988706159875,907.077281186383,880.870199669495,540.872531643116,535.094501657479
"275",20003,1199.21908336066,1198.9886861477,1202.89327560634,1208.77038869855,1280.32860077827,869.183908495286,871.988831540378,907.077281186394,880.870199669495,540.872617538911,535.094582209178
"276",20076,1199.21908336071,1198.98868614784,1202.89327560634,1208.77040400019,1280.32860077827,869.183908495291,871.988951238902,907.077281186403,880.870199669495,540.872699574455,535.094659124453
"277",20149,1199.21908336077,1198.98868614796,1202.89327560634,1208.7704184724,1280.32860077827,869.183908495296,871.989065512941,907.077281186412,880.870199669495,540.87277792323,535.094732567464
"278",20222,1199.21908336082,1198.98868614807,1202.89327560634,1208.77043216014,1280.32860077827,869.1839084953,871.989174608321,907.077281186419,880.870199669495,540.872852750924,535.094802694965
"279",20295,1199.21908336086,1198.98868614817,1202.89327560634,1208.77044510593,1280.32860077828,869.183908495304,871.989278759729,907.077281186426,880.870199669495,540.872924215779,535.094869656631
"280",20368,1199.2190833609,1198.98868614826,1202.89327560634,1208.77045734999,1280.32860077828,869.183908495308,871.989378191216,907.077281186432,880.870199669495,540.872992468924,535.09493359538
"281",20441,1199.21908336093,1198.98868614835,1202.89327560634,1208.77046893036,1280.32860077828,869.183908495311,871.989473116676,907.077281186438,880.870199669495,540.873057654697,535.094994647678
"282",20514,1199.21908336097,1198.98868614842,1202.89327560634,1208.77047988301,1280.32860077828,869.183908495314,871.989563740316,907.077281186443,880.870199669495,540.873119910948,535.095052943831
"283",20587,1199.219083361,1198.98868614849,1202.89327560634,1208.77049024205,1280.32860077828,869.183908495316,871.989650257083,907.077281186448,880.870199669495,540.873179369334,535.095108608263
"284",20660,1199.21908336102,1198.98868614855,1202.89327560634,1208.77050003943,1280.32860077828,869.183908495318,871.989732853092,907.077281186452,880.870199669495,540.873236155594,535.09516175978
"285",20733,1199.21908336105,1198.98868614861,1202.89327560634,1208.77050930577,1280.32860077828,869.18390849532,871.989811706025,907.077281186455,880.870199669495,540.873290389816,535.095212511825
"286",20806,1199.21908336107,1198.98868614866,1202.89327560634,1208.77051806979,1280.32860077828,869.183908495322,871.989886985509,907.077281186459,880.870199669495,540.873342186692,535.09526097272
"287",20879,1199.21908336109,1198.98868614871,1202.89327560634,1208.77052636283,1280.32860077828,869.183908495324,871.989958853485,907.077281186462,880.870199669495,540.873391655758,535.095307245897
"288",20952,1199.21908336111,1198.98868614875,1202.89327560634,1208.77053419844,1280.32860077828,869.183908495325,871.990027464556,907.077281186464,880.870199669495,540.87343890163,535.095351430117
"289",21025,1199.21908336112,1198.98868614879,1202.89327560634,1208.77054161514,1280.32860077828,869.183908495326,871.990092966318,907.077281186467,880.870199669495,540.87348402422,535.095393619685
"290",21098,1199.21908336114,1198.98868614883,1202.89327560634,1208.77054862982,1280.32860077828,869.183908495328,871.990155499677,907.077281186469,880.870199669495,540.87352711895,535.095433904648
"291",21171,1199.21908336115,1198.98868614886,1202.89327560634,1208.77055526427,1280.32860077828,869.183908495329,871.990215199157,907.077281186471,880.870199669495,540.873568276955,535.095472370986
"292",21244,1199.21908336116,1198.98868614889,1202.89327560634,1208.7705615391,1280.32860077828,869.18390849533,871.990272193181,907.077281186473,880.870199669495,540.873607585273,535.0955091008
"293",21317,1199.21908336117,1198.98868614891,1202.89327560634,1208.7705674738,1280.32860077828,869.18390849533,871.990326604356,907.077281186474,880.870199669495,540.873645127032,535.095544172483
"294",21390,1199.21908336118,1198.98868614894,1202.89327560634,1208.77057308681,1280.32860077828,869.183908495331,871.990378549731,907.077281186476,880.870199669495,540.873680981623,535.095577660891
"295",21463,1199.21908336119,1198.98868614896,1202.89327560634,1208.77057839558,1280.32860077828,869.183908495332,871.990428141051,907.077281186477,880.870199669495,540.873715224868,535.095609637498
"296",21536,1199.2190833612,1198.98868614898,1202.89327560634,1208.77058341658,1280.32860077828,869.183908495332,871.990475484997,907.077281186478,880.870199669495,540.873747929184,535.095640170553
"297",21609,1199.21908336121,1198.988686149,1202.89327560634,1208.77058816541,1280.32860077828,869.183908495333,871.990520683415,907.077281186479,880.870199669495,540.873779163731,535.095669325224
"298",21682,1199.21908336122,1198.98868614901,1202.89327560634,1208.77059265684,1280.32860077828,869.183908495333,871.990563833535,907.07728118648,880.870199669495,540.873808994563,535.095697163736
"299",21755,1199.21908336122,1198.98868614903,1202.89327560634,1208.77059690481,1280.32860077828,869.183908495334,871.990605028183,907.077281186481,880.870199669495,540.873837484764,535.095723745507
"300",21828,1199.21908336123,1198.98868614904,1202.89327560634,1208.77060092252,1280.32860077828,869.183908495334,871.990644355976,907.077281186482,880.870199669495,540.873864694584,535.095749127271
"301",21901,1199.21908336123,1198.98868614905,1202.89327560634,1208.77060472245,1280.32860077828,869.183908495335,871.990681901516,907.077281186482,880.870199669495,540.873890681564,535.0957733632
"302",21974,1199.21908336124,1198.98868614906,1202.89327560634,1208.77060831641,1280.32860077828,869.183908495335,871.990717745572,907.077281186483,880.870199669495,540.873915500661,535.095796505023
"303",22047,1199.21908336124,1198.98868614907,1202.89327560634,1208.77061171555,1280.32860077828,869.183908495335,871.99075196525,907.077281186484,880.870199669495,540.873939204359,535.095818602131
"304",22120,1199.21908336124,1198.98868614908,1202.89327560634,1208.77061493045,1280.32860077828,869.183908495336,871.990784634164,907.077281186484,880.870199669495,540.873961842787,535.095839701687
"305",22193,1199.21908336125,1198.98868614909,1202.89327560634,1208.77061797108,1280.32860077828,869.183908495336,871.990815822592,907.077281186485,880.870199669495,540.873983463819,535.095859848726
"306",22266,1199.21908336125,1198.9886861491,1202.89327560634,1208.7706208469,1280.32860077828,869.183908495336,871.990845597626,907.077281186485,880.870199669495,540.874004113178,535.095879086246
"307",22339,1199.21908336125,1198.98868614911,1202.89327560634,1208.77062356683,1280.32860077828,869.183908495336,871.990874023318,907.077281186485,880.870199669495,540.874023834531,535.095897455308
"308",22412,1199.21908336126,1198.98868614911,1202.89327560634,1208.77062620593,1280.32860077828,869.183908495337,871.990901160817,907.077281186486,880.870199669495,540.874042669585,535.095914995117
"309",22485,1199.21908336126,1198.98868614912,1202.89327560634,1208.77062857124,1280.32860077828,869.183908495337,871.990927068502,907.077281186486,880.870199669495,540.874060658171,535.095931743109
"310",22558,1199.21908336126,1198.98868614912,1202.89327560634,1208.77063080834,1280.32860077828,869.183908495337,871.990951802106,907.077281186487,880.870199669495,540.874077838329,535.095947735029
"311",22631,1199.21908336126,1198.98868614913,1202.89327560634,1208.77063292417,1280.32860077828,869.183908495337,871.990975414834,907.077281186487,880.870199669495,540.874094246392,535.095963005011
"312",22704,1199.21908336126,1198.98868614913,1202.89327560634,1208.77063492532,1280.32860077828,869.183908495337,871.990997957483,907.077281186487,880.870199669495,540.874109917059,535.095977585646
"313",22777,1199.21908336127,1198.98868614914,1202.89327560634,1208.770636818,1280.32860077828,869.183908495337,871.991019478547,907.077281186487,880.870199669495,540.874124883468,535.095991508053
"314",22850,1199.21908336127,1198.98868614914,1202.89327560634,1208.77063860809,1280.32860077828,869.183908495337,871.991040024322,907.077281186487,880.870199669495,540.87413917727,535.096004801947
"315",22923,1199.21908336127,1198.98868614914,1202.89327560634,1208.77064030114,1280.32860077828,869.183908495338,871.991059639005,907.077281186488,880.870199669495,540.874152828693,535.096017495702
"316",22996,1199.21908336127,1198.98868614915,1202.89327560634,1208.77064190241,1280.32860077828,869.183908495338,871.991078364792,907.077281186488,880.870199669495,540.874165866605,535.096029616387
"317",23069,1199.21908336127,1198.98868614915,1202.89327560634,1208.77064341689,1280.32860077828,869.183908495338,871.991096241966,907.077281186488,880.870199669495,540.87417831858,535.096041189873
"318",23142,1199.21908336127,1198.98868614915,1202.89327560634,1208.77064484925,1280.32860077828,869.183908495338,871.991113308984,907.077281186488,880.870199669495,540.87419021095,535.09605224088
"319",23215,1199.21908336127,1198.98868614915,1202.89327560634,1208.77064620395,1280.32860077828,869.183908495338,871.99112960256,907.077281186488,880.870199669495,540.874201568864,535.096062793147
"320",23288,1199.21908336127,1198.98868614915,1202.89327560634,1208.77064748521,1280.32860077828,869.183908495338,871.991145157746,907.077281186488,880.870199669495,540.87421241634,535.096072870084
"321",23361,1199.21908336127,1198.98868614916,1202.89327560634,1208.77064869699,1280.32860077828,869.183908495338,871.991160008004,907.077281186488,880.870199669495,540.87422277632,535.096082492726
"322",23434,1199.21908336127,1198.98868614916,1202.89327560634,1208.77064984308,1280.32860077828,869.183908495338,871.991174185279,907.077281186488,880.870199669495,540.874232670692,535.096091680963
"323",23507,1199.21908336127,1198.98868614916,1202.89327560634,1208.77065092702,1280.32860077828,869.183908495338,871.99118772007,907.077281186489,880.870199669495,540.87424212038,535.096100454406
"324",23580,1199.21908336128,1198.98868614916,1202.89327560634,1208.7706519522,1280.32860077828,869.183908495338,871.991200641492,907.077281186489,880.870199669495,540.874251145386,535.096108831782
"325",23653,1199.21908336128,1198.98868614916,1202.89327560634,1208.77065292179,1280.32860077828,869.183908495338,871.991212977343,907.077281186489,880.870199669495,540.87425976492,535.096116830971
"326",23726,1199.21908336128,1198.98868614916,1202.89327560634,1208.77065383881,1280.32860077828,869.183908495338,871.991224754159,907.077281186489,880.870199669495,540.87426799791,535.096124469046
"327",23799,1199.21908336128,1198.98868614916,1202.89327560634,1208.77065470611,1280.32860077828,869.183908495338,871.991235997275,907.077281186489,880.870199669495,540.874275861412,535.096131762309
"328",23872,1199.21908336128,1198.98868614917,1202.89327560634,1208.77065552639,1280.32860077828,869.183908495338,871.991246730876,907.077281186489,880.870199669495,540.874283371519,535.096138726326
"329",23945,1199.21908336128,1198.98868614917,1202.89327560634,1208.77065630219,1280.32860077828,869.183908495338,871.991256978053,907.077281186489,880.870199669495,540.874290544114,535.096145375962
"330",24018,1199.21908336128,1198.98868614917,1202.89327560634,1208.77065703593,1280.32860077828,869.183908495338,871.991266760849,907.077281186489,880.870199669495,540.874297394366,535.096151725407
"331",24091,1199.21908336128,1198.98868614917,1202.89327560634,1208.77065772989,1280.32860077828,869.183908495338,871.99127610031,907.077281186489,880.870199669495,540.874303936761,535.096157788214
"332",24164,1199.21908336128,1198.98868614917,1202.89327560634,1208.77065838622,1280.32860077828,869.183908495338,871.991285016527,907.077281186489,880.870199669495,540.874310185135,535.096163577323
"333",24237,1199.21908336128,1198.98868614917,1202.89327560634,1208.77065900697,1280.32860077828,869.183908495338,871.99129352868,907.077281186489,880.870199669495,540.874316152701,535.09616910509
"334",24310,1199.21908336128,1198.98868614917,1202.89327560634,1208.77065959406,1280.32860077828,869.183908495338,871.99130165508,907.077281186489,880.870199669495,540.874321852079,535.096174383312
"335",24383,1199.21908336128,1198.98868614917,1202.89327560634,1208.77066014932,1280.32860077828,869.183908495338,871.991309413209,907.077281186489,880.870199669495,540.874327295322,535.096179423255
"336",24456,1199.21908336128,1198.98868614917,1202.89327560634,1208.77066067447,1280.32860077828,869.183908495338,871.991316819739,907.077281186489,880.870199669495,540.87433249394,535.096184235676
"337",24529,1199.21908336128,1198.98868614917,1202.89327560634,1208.77066117115,1280.32860077828,869.183908495338,871.991323890609,907.077281186489,880.870199669495,540.874337458928,535.096188830846
"338",24602,1199.21908336128,1198.98868614917,1202.89327560634,1208.7706616409,1280.32860077828,869.183908495338,871.991330641042,907.077281186489,880.870199669495,540.874342200785,535.096193218572
"339",24675,1199.21908336128,1198.98868614917,1202.89327560634,1208.77066208518,1280.32860077828,869.183908495338,871.991337085593,907.077281186489,880.870199669495,540.874346729538,535.09619740822
"340",24748,1199.21908336128,1198.98868614917,1202.89327560634,1208.77066250538,1280.32860077828,869.183908495338,871.991343238985,907.077281186489,880.870199669495,540.874351054765,535.096201408731
"341",24821,1199.21908336128,1198.98868614917,1202.89327560634,1208.77066290279,1280.32860077828,869.183908495338,871.99134911371,907.077281186489,880.870199669495,540.874355185612,535.096205228643
"342",24894,1199.21908336128,1198.98868614917,1202.89327560634,1208.77066327865,1280.32860077828,869.183908495338,871.991354722206,907.077281186489,880.870199669495,540.874359130814,535.096208876111
"343",24967,1199.21908336128,1198.98868614917,1202.89327560634,1208.77066363414,1280.32860077828,869.183908495338,871.991360076538,907.077281186489,880.870199669495,540.874362898716,535.096212358917
"344",25040,1199.21908336128,1198.98868614917,1202.89327560634,1208.77066397035,1280.32860077828,869.183908495338,871.991365188224,907.077281186489,880.870199669495,540.874366497285,535.096215684497
"345",25113,1199.21908336128,1198.98868614917,1202.89327560634,1208.77066428833,1280.32860077828,869.183908495338,871.99137006826,907.077281186489,880.870199669495,540.874369934131,535.096218859947
"346",25186,1199.21908336128,1198.98868614917,1202.89327560634,1208.77066458907,1280.32860077828,869.183908495338,871.991374727144,907.077281186489,880.870199669495,540.874373216522,535.096221892046
"347",25259,1199.21908336128,1198.98868614917,1202.89327560634,1208.77066487351,1280.32860077828,869.183908495338,871.991379174898,907.077281186489,880.870199669495,540.874376351399,535.096224787264
"348",25332,1199.21908336128,1198.98868614917,1202.89327560634,1208.77066514252,1280.32860077828,869.183908495338,871.991383421091,907.077281186489,880.870199669495,540.874379345392,535.09622755178
"349",25405,1199.21908336128,1198.98868614917,1202.89327560634,1208.77066539695,1280.32860077828,869.183908495338,871.991387474855,907.077281186489,880.870199669495,540.874382204832,535.096230191496
"350",25478,1199.21908336128,1198.98868614917,1202.89327560634,1208.77066563758,1280.32860077828,869.183908495338,871.991391344912,907.077281186489,880.870199669495,540.874384935766,535.096232712045
"351",25551,1199.21908336128,1198.98868614917,1202.89327560634,1208.77066586517,1280.32860077828,869.183908495338,871.991395039587,907.077281186489,880.870199669495,540.874387543969,535.096235118807
"352",25624,1199.21908336128,1198.98868614917,1202.89327560634,1208.77066608042,1280.32860077828,869.183908495338,871.991398566828,907.077281186489,880.870199669495,540.874390034957,535.096237416919
"353",25697,1199.21908336128,1198.98868614917,1202.89327560634,1208.770666284,1280.32860077828,869.183908495338,871.991401934222,907.077281186489,880.870199669495,540.874392413998,535.096239611285
"354",25770,1199.21908336128,1198.98868614917,1202.89327560634,1208.77066647653,1280.32860077828,869.183908495338,871.991405149014,907.077281186489,880.870199669495,540.874394686123,535.096241706589
"355",25843,1199.21908336128,1198.98868614917,1202.89327560634,1208.77066665863,1280.32860077828,869.183908495338,871.991408218119,907.077281186489,880.870199669495,540.874396856136,535.096243707303
"356",25916,1199.21908336128,1198.98868614917,1202.89327560634,1208.77066683086,1280.32860077828,869.183908495338,871.991411148139,907.077281186489,880.870199669495,540.874398928627,535.096245617697
"357",25989,1199.21908336128,1198.98868614917,1202.89327560634,1208.77066699375,1280.32860077828,869.183908495338,871.991413945377,907.077281186489,880.870199669495,540.874400907978,535.096247441849
"358",26062,1199.21908336128,1198.98868614917,1202.89327560634,1208.77066714781,1280.32860077828,869.183908495338,871.991416615851,907.077281186489,880.870199669495,540.874402798376,535.096249183651
"359",26135,1199.21908336128,1198.98868614917,1202.89327560634,1208.77066729351,1280.32860077828,869.183908495338,871.991419165305,907.077281186489,880.870199669495,540.874404603817,535.096250846822
"360",26208,1199.21908336128,1198.98868614917,1202.89327560634,1208.77066743132,1280.32860077828,869.183908495338,871.991421599223,907.077281186489,880.870199669495,540.87440632812,535.096252434911
"361",26281,1199.21908336128,1198.98868614917,1202.89327560634,1208.77066756165,1280.32860077828,869.183908495338,871.991423922843,907.077281186489,880.870199669495,540.874407974931,535.096253951308
"362",26354,1199.21908336128,1198.98868614917,1202.89327560634,1208.77066768491,1280.32860077828,869.183908495338,871.991426141161,907.077281186489,880.870199669495,540.874409547733,535.096255399248
"363",26427,1199.21908336128,1198.98868614917,1202.89327560634,1208.7706678015,1280.32860077828,869.183908495338,871.991428258949,907.077281186489,880.870199669495,540.874411049851,535.096256781823
"364",26500,1199.21908336128,1198.98868614917,1202.89327560634,1208.77066791176,1280.32860077828,869.183908495338,871.991430280765,907.077281186489,880.870199669495,540.874412484463,535.096258101979
"365",26573,1199.21908336128,1198.98868614917,1202.89327560634,1208.77066801604,1280.32860077828,869.183908495338,871.991432210956,907.077281186489,880.870199669495,540.874413854597,535.096259362526
"366",26646,1199.21908336128,1198.98868614917,1202.89327560634,1208.77066811467,1280.32860077828,869.183908495338,871.991434053676,907.077281186489,880.870199669495,540.874415163145,535.096260566158
"367",26719,1199.21908336128,1198.98868614917,1202.89327560634,1208.77066820796,1280.32860077828,869.183908495338,871.991435812888,907.077281186489,880.870199669495,540.874416412876,535.096261715444
"368",26792,1199.21908336128,1198.98868614917,1202.89327560634,1208.77066829618,1280.32860077828,869.183908495338,871.991437492376,907.077281186489,880.870199669495,540.874417606432,535.096262812837
"369",26865,1199.21908336128,1198.98868614917,1202.89327560634,1208.77066837962,1280.32860077828,869.183908495338,871.991439095754,907.077281186489,880.870199669495,540.87441874634,535.096263860681
"370",26938,1199.21908336128,1198.98868614917,1202.89327560634,1208.77066845854,1280.32860077828,869.183908495338,871.99144062647,907.077281186489,880.870199669495,540.87441983501,535.096264861213
"371",27011,1199.21908336128,1198.98868614917,1202.89327560634,1208.77066853318,1280.32860077828,869.183908495338,871.991442087818,907.077281186489,880.870199669495,540.874420874745,535.096265816569
"372",27084,1199.21908336128,1198.98868614917,1202.89327560634,1208.77066860377,1280.32860077828,869.183908495338,871.991443484758,907.077281186489,880.870199669495,540.874421867746,535.09626672879
"373",27157,1199.21908336128,1198.98868614917,1202.89327560634,1208.77066867053,1280.32860077828,869.183908495338,871.991444786014,907.077281186489,880.870199669495,540.874422816113,535.096267602083
"374",27230,1199.21908336128,1198.98868614917,1202.89327560634,1208.77066873368,1280.32860077828,869.183908495338,871.991446028289,907.077281186489,880.870199669495,540.874423721851,535.096268414771
"375",27303,1199.21908336128,1198.98868614917,1202.89327560634,1208.7706687934,1280.32860077828,869.183908495338,871.991447214257,907.077281186489,880.870199669495,540.874424586878,535.096269190765
"376",27376,1199.21908336128,1198.98868614917,1202.89327560634,1208.77066884988,1280.32860077828,869.183908495338,871.99144834647,907.077281186489,880.870199669495,540.874425415207,535.096269931722
"377",27449,1199.21908336128,1198.98868614917,1202.89327560634,1208.7706689033,1280.32860077828,869.183908495338,871.991449427365,907.077281186489,880.870199669495,540.874426186262,535.096270639223
"378",27522,1199.21908336128,1198.98868614917,1202.89327560634,1208.77066895382,1280.32860077828,869.183908495338,871.991450459267,907.077281186489,880.870199669495,540.874426922659,535.09627131478
"379",27595,1199.21908336128,1198.98868614917,1202.89327560634,1208.77066900161,1280.32860077828,869.183908495338,871.991451444398,907.077281186489,880.870199669495,540.874427625956,535.096271959833
"380",27668,1199.21908336128,1198.98868614917,1202.89327560634,1208.7706690468,1280.32860077828,869.183908495338,871.991452384877,907.077281186489,880.870199669495,540.874428297641,535.096272575762
"381",27741,1199.21908336128,1198.98868614917,1202.89327560634,1208.77066908954,1280.32860077828,869.183908495338,871.991453282728,907.077281186489,880.870199669495,540.874428939134,535.09627316388
"382",27814,1199.21908336128,1198.98868614917,1202.89327560634,1208.77066912997,1280.32860077828,869.183908495338,871.991454139883,907.077281186489,880.870199669495,540.874429551793,535.096273725443
"383",27887,1199.21908336128,1198.98868614917,1202.89327560634,1208.7706691682,1280.32860077828,869.183908495338,871.991454958187,907.077281186489,880.870199669495,540.874430136913,535.096274261651
"384",27960,1199.21908336128,1198.98868614917,1202.89327560634,1208.77066920437,1280.32860077828,869.183908495338,871.9914557394,907.077281186489,880.870199669495,540.874430695733,535.096274773648
"385",28033,1199.21908336128,1198.98868614917,1202.89327560634,1208.77066923857,1280.32860077828,869.183908495338,871.991456485205,907.077281186489,880.870199669495,540.874431229435,535.096275262528
"386",28106,1199.21908336128,1198.98868614917,1202.89327560634,1208.77066927091,1280.32860077828,869.183908495338,871.991457197205,907.077281186489,880.870199669495,540.874431739148,535.096275729333
"387",28179,1199.21908336128,1198.98868614917,1202.89327560634,1208.7706693015,1280.32860077828,869.183908495338,871.991457876933,907.077281186489,880.870199669495,540.874432225949,535.096276175062
"388",28252,1199.21908336128,1198.98868614917,1202.89327560634,1208.77066933044,1280.32860077828,869.183908495338,871.991458525852,907.077281186489,880.870199669495,540.87443269087,535.096276600665
"389",28325,1199.21908336128,1198.98868614917,1202.89327560634,1208.7706693578,1280.32860077828,869.183908495338,871.991459145359,907.077281186489,880.870199669495,540.874433134893,535.096277007052
"390",28398,1199.21908336128,1198.98868614917,1202.89327560634,1208.77066938368,1280.32860077828,869.183908495338,871.991459736785,907.077281186489,880.870199669495,540.874433558958,535.096277395089
"391",28471,1199.21908336128,1198.98868614917,1202.89327560634,1208.77066940816,1280.32860077828,869.183908495338,871.991460301405,907.077281186489,880.870199669495,540.874433963961,535.096277765606
"392",28544,1199.21908336128,1198.98868614917,1202.89327560634,1208.77066943131,1280.32860077828,869.183908495338,871.991460840433,907.077281186489,880.870199669495,540.87443435076,535.096278119393
"393",28617,1199.21908336128,1198.98868614917,1202.89327560634,1208.77066945321,1280.32860077828,869.183908495338,871.99146135503,907.077281186489,880.870199669495,540.874434720173,535.096278457206
"394",28690,1199.21908336128,1198.98868614917,1202.89327560634,1208.77066947392,1280.32860077828,869.183908495338,871.991461846301,907.077281186489,880.870199669495,540.874435072981,535.096278779767
"395",28763,1199.21908336128,1198.98868614917,1202.89327560634,1208.7706694935,1280.32860077828,869.183908495338,871.991462315306,907.077281186489,880.870199669495,540.874435409931,535.096279087763
"396",28836,1199.21908336128,1198.98868614917,1202.89327560634,1208.77066951203,1280.32860077828,869.183908495338,871.991462763052,907.077281186489,880.870199669495,540.874435731735,535.096279381853
"397",28909,1199.21908336128,1198.98868614917,1202.89327560634,1208.77066952954,1280.32860077828,869.183908495338,871.991463190504,907.077281186489,880.870199669495,540.874436039075,535.096279662663
"398",28982,1199.21908336128,1198.98868614917,1202.89327560634,1208.77066954611,1280.32860077828,869.183908495338,871.991463598582,907.077281186489,880.870199669495,540.8744363326,535.096279930795
"399",29055,1199.21908336128,1198.98868614917,1202.89327560634,1208.77066956179,1280.32860077828,869.183908495338,871.991463988163,907.077281186489,880.870199669495,540.874436612931,535.09628018682
"400",29128,1199.21908336128,1198.98868614917,1202.89327560634,1208.77066957661,1280.32860077828,869.183908495338,871.991464360086,907.077281186489,880.870199669495,540.874436880662,535.096280431286
"401",29201,1199.21908336128,1198.98868614917,1202.89327560634,1208.77066959062,1280.32860077828,869.183908495338,871.991464715151,907.077281186489,880.870199669495,540.874437136359,535.096280664713
"402",29274,1199.21908336128,1198.98868614917,1202.89327560634,1208.77066960388,1280.32860077828,869.183908495338,871.991465054123,907.077281186489,880.870199669495,540.874437380563,535.0962808876
"403",29347,1199.21908336128,1198.98868614917,1202.89327560634,1208.77066961642,1280.32860077828,869.183908495338,871.99146537773,907.077281186489,880.870199669495,540.874437613789,535.096281100424
"404",29420,1199.21908336128,1198.98868614917,1202.89327560634,1208.77066962828,1280.32860077828,869.183908495338,871.99146568667,907.077281186489,880.870199669495,540.874437836533,535.096281303638
"405",29493,1199.21908336128,1198.98868614917,1202.89327560634,1208.7706696395,1280.32860077828,869.183908495338,871.991465981607,907.077281186489,880.870199669495,540.874438049265,535.096281497677
"406",29566,1199.21908336128,1198.98868614917,1202.89327560634,1208.7706696501,1280.32860077828,869.183908495338,871.991466263175,907.077281186489,880.870199669495,540.874438252434,535.096281682955
"407",29639,1199.21908336128,1198.98868614917,1202.89327560634,1208.77066966014,1280.32860077828,869.183908495338,871.991466531981,907.077281186489,880.870199669495,540.874438446471,535.096281859867
"408",29712,1199.21908336128,1198.98868614917,1202.89327560634,1208.77066966963,1280.32860077828,869.183908495338,871.991466788604,907.077281186489,880.870199669495,540.874438631787,535.096282028791
"409",29785,1199.21908336128,1198.98868614917,1202.89327560634,1208.7706696786,1280.32860077828,869.183908495338,871.991467033594,907.077281186489,880.870199669495,540.874438808773,535.096282190088
"410",29858,1199.21908336128,1198.98868614917,1202.89327560634,1208.77066968709,1280.32860077828,869.183908495338,871.991467267481,907.077281186489,880.870199669495,540.874438977803,535.096282344102
"411",29931,1199.21908336128,1198.98868614917,1202.89327560634,1208.77066969512,1280.32860077828,869.183908495338,871.991467490766,907.077281186489,880.870199669495,540.874439139236,535.096282491162
"412",30004,1199.21908336128,1198.98868614917,1202.89327560634,1208.77066970271,1280.32860077828,869.183908495338,871.991467703931,907.077281186489,880.870199669495,540.874439293413,535.096282631582
"413",30077,1199.21908336128,1198.98868614917,1202.89327560634,1208.77066970989,1280.32860077828,869.183908495338,871.991467907434,907.077281186489,880.870199669495,540.874439440659,535.096282765662
"414",30150,1199.21908336128,1198.98868614917,1202.89327560634,1208.77066971668,1280.32860077828,869.183908495338,871.991468101713,907.077281186489,880.870199669495,540.874439581287,535.096282893688
"415",30223,1199.21908336128,1198.98868614917,1202.89327560634,1208.7706697231,1280.32860077828,869.183908495338,871.991468287186,907.077281186489,880.870199669495,540.874439715594,535.096283015933
"416",30296,1199.21908336128,1198.98868614917,1202.89327560634,1208.77066972918,1280.32860077828,869.183908495338,871.991468464252,907.077281186489,880.870199669495,540.874439843864,535.096283132659
"417",30369,1199.21908336128,1198.98868614917,1202.89327560634,1208.77066973493,1280.32860077828,869.183908495338,871.991468633293,907.077281186489,880.870199669495,540.874439966368,535.096283244114
"418",30442,1199.21908336128,1198.98868614917,1202.89327560634,1208.77066974036,1280.32860077828,869.183908495338,871.991468794672,907.077281186489,880.870199669495,540.874440083366,535.096283350537
"419",30515,1199.21908336128,1198.98868614917,1202.89327560634,1208.7706697455,1280.32860077828,869.183908495338,871.991468948736,907.077281186489,880.870199669495,540.874440195105,535.096283452155
"420",30588,1199.21908336128,1198.98868614917,1202.89327560634,1208.77066975036,1280.32860077828,869.183908495338,871.991469095817,907.077281186489,880.870199669495,540.874440301822,535.096283549184
"421",30661,1199.21908336128,1198.98868614917,1202.89327560634,1208.77066975496,1280.32860077828,869.183908495338,871.991469236232,907.077281186489,880.870199669495,540.874440403742,535.096283641833
"422",30734,1199.21908336128,1198.98868614917,1202.89327560634,1208.7706697593,1280.32860077828,869.183908495338,871.991469370282,907.077281186489,880.870199669495,540.87444050108,535.096283730298
"423",30807,1199.21908336128,1198.98868614917,1202.89327560634,1208.77066976342,1280.32860077828,869.183908495338,871.991469498256,907.077281186489,880.870199669495,540.874440594044,535.096283814769
"424",30880,1199.21908336128,1198.98868614917,1202.89327560634,1208.77066976731,1280.32860077828,869.183908495338,871.99146962043,907.077281186489,880.870199669495,540.874440682828,535.096283895425
"425",30953,1199.21908336128,1198.98868614917,1202.89327560634,1208.77066977098,1280.32860077828,869.183908495338,871.991469737066,907.077281186489,880.870199669495,540.874440767622,535.09628397244
"426",31026,1199.21908336128,1198.98868614917,1202.89327560634,1208.77066977446,1280.32860077828,869.183908495338,871.991469848415,907.077281186489,880.870199669495,540.874440848605,535.096284045978
"427",31099,1199.21908336128,1198.98868614917,1202.89327560634,1208.77066977775,1280.32860077828,869.183908495338,871.991469954718,907.077281186489,880.870199669495,540.874440925947,535.096284116195
"428",31172,1199.21908336128,1198.98868614917,1202.89327560634,1208.77066978087,1280.32860077828,869.183908495338,871.991470056202,907.077281186489,880.870199669495,540.874440999813,535.096284183242
"429",31245,1199.21908336128,1198.98868614917,1202.89327560634,1208.77066978382,1280.32860077828,869.183908495338,871.991470153086,907.077281186489,880.870199669495,540.874441070359,535.096284247262
"430",31318,1199.21908336128,1198.98868614917,1202.89327560634,1208.77066978661,1280.32860077828,869.183908495338,871.991470245579,907.077281186489,880.870199669495,540.874441137734,535.096284308391
"431",31391,1199.21908336128,1198.98868614917,1202.89327560634,1208.77066978926,1280.32860077828,869.183908495338,871.99147033388,907.077281186489,880.870199669495,540.874441202081,535.09628436676
"432",31464,1199.21908336128,1198.98868614917,1202.89327560634,1208.77066979176,1280.32860077828,869.183908495338,871.991470418178,907.077281186489,880.870199669495,540.874441263535,535.096284422493
"433",31537,1199.21908336128,1198.98868614917,1202.89327560634,1208.77066979414,1280.32860077828,869.183908495338,871.991470498656,907.077281186489,880.870199669495,540.874441322227,535.09628447571
"434",31610,1199.21908336128,1198.98868614917,1202.89327560634,1208.77066979639,1280.32860077828,869.183908495338,871.991470575486,907.077281186489,880.870199669495,540.874441378281,535.096284526524
"435",31683,1199.21908336128,1198.98868614917,1202.89327560634,1208.77066979852,1280.32860077828,869.183908495338,871.991470648833,907.077281186489,880.870199669495,540.874441431815,535.096284575044
"436",31756,1199.21908336128,1198.98868614917,1202.89327560634,1208.77066980054,1280.32860077828,869.183908495338,871.991470718856,907.077281186489,880.870199669495,540.874441482943,535.096284621373
"437",31829,1199.21908336128,1198.98868614917,1202.89327560634,1208.77066980245,1280.32860077828,869.183908495338,871.991470785705,907.077281186489,880.870199669495,540.874441531773,535.09628466561
"438",31902,1199.21908336128,1198.98868614917,1202.89327560634,1208.77066980426,1280.32860077828,869.183908495338,871.991470849524,907.077281186489,880.870199669495,540.874441578408,535.09628470785
"439",31975,1199.21908336128,1198.98868614917,1202.89327560634,1208.77066980597,1280.32860077828,869.183908495338,871.991470910451,907.077281186489,880.870199669495,540.874441622947,535.096284748183
"440",32048,1199.21908336128,1198.98868614917,1202.89327560634,1208.7706698076,1280.32860077828,869.183908495338,871.991470968615,907.077281186489,880.870199669495,540.874441665483,535.096284786694
"441",32121,1199.21908336128,1198.98868614917,1202.89327560634,1208.77066980914,1280.32860077828,869.183908495338,871.991471024144,907.077281186489,880.870199669495,540.874441706108,535.096284823467
"442",32194,1199.21908336128,1198.98868614917,1202.89327560634,1208.77066981059,1280.32860077828,869.183908495338,871.991471077155,907.077281186489,880.870199669495,540.874441744907,535.096284858579
"443",32267,1199.21908336128,1198.98868614917,1202.89327560634,1208.77066981197,1280.32860077828,869.183908495338,871.991471127764,907.077281186489,880.870199669495,540.874441781962,535.096284892106
"444",32340,1199.21908336128,1198.98868614917,1202.89327560634,1208.77066981328,1280.32860077828,869.183908495338,871.991471176079,907.077281186489,880.870199669495,540.874441817351,535.096284924119
"445",32413,1199.21908336128,1198.98868614917,1202.89327560634,1208.77066981452,1280.32860077828,869.183908495338,871.991471222204,907.077281186489,880.870199669495,540.874441851149,535.096284954687
"446",32486,1199.21908336128,1198.98868614917,1202.89327560634,1208.77066981569,1280.32860077828,869.183908495338,871.991471266239,907.077281186489,880.870199669495,540.874441883429,535.096284983875
"447",32559,1199.21908336128,1198.98868614917,1202.89327560634,1208.77066981681,1280.32860077828,869.183908495338,871.991471308277,907.077281186489,880.870199669495,540.874441914257,535.096285011744
"448",32632,1199.21908336128,1198.98868614917,1202.89327560634,1208.77066981786,1280.32860077828,869.183908495338,871.99147134841,907.077281186489,880.870199669495,540.8744419437,535.096285038356
"449",32705,1199.21908336128,1198.98868614917,1202.89327560634,1208.77066981885,1280.32860077828,869.183908495338,871.991471386724,907.077281186489,880.870199669495,540.874441971819,535.096285063765
"450",32778,1199.21908336128,1198.98868614917,1202.89327560634,1208.7706698198,1280.32860077828,869.183908495338,871.991471423302,907.077281186489,880.870199669495,540.874441998675,535.096285088028
"451",32851,1199.21908336128,1198.98868614917,1202.89327560634,1208.77066982069,1280.32860077828,869.183908495338,871.991471458221,907.077281186489,880.870199669495,540.874442024323,535.096285111194
"452",32924,1199.21908336128,1198.98868614917,1202.89327560634,1208.77066982154,1280.32860077828,869.183908495338,871.991471491558,907.077281186489,880.870199669495,540.874442048818,535.096285133315
"453",32997,1199.21908336128,1198.98868614917,1202.89327560634,1208.77066982234,1280.32860077828,869.183908495338,871.991471523384,907.077281186489,880.870199669495,540.874442072213,535.096285154438
"454",33070,1199.21908336128,1198.98868614917,1202.89327560634,1208.7706698231,1280.32860077828,869.183908495338,871.991471553767,907.077281186489,880.870199669495,540.874442094555,535.096285174606
"455",33143,1199.21908336128,1198.98868614917,1202.89327560634,1208.77066982382,1280.32860077828,869.183908495338,871.991471582773,907.077281186489,880.870199669495,540.874442115894,535.096285193864
"456",33216,1199.21908336128,1198.98868614917,1202.89327560634,1208.77066982451,1280.32860077828,869.183908495338,871.991471610464,907.077281186489,880.870199669495,540.874442136273,535.096285212252
"457",33289,1199.21908336128,1198.98868614917,1202.89327560634,1208.77066982515,1280.32860077828,869.183908495338,871.9914716369,907.077281186489,880.870199669495,540.874442155737,535.09628522981
"458",33362,1199.21908336128,1198.98868614917,1202.89327560634,1208.77066982577,1280.32860077828,869.183908495338,871.991471662138,907.077281186489,880.870199669495,540.874442174325,535.096285246575
"459",33435,1199.21908336128,1198.98868614917,1202.89327560634,1208.77066982634,1280.32860077828,869.183908495338,871.991471686232,907.077281186489,880.870199669495,540.874442192078,535.096285262583
"460",33508,1199.21908336128,1198.98868614917,1202.89327560634,1208.77066982689,1280.32860077828,869.183908495338,871.991471709234,907.077281186489,880.870199669495,540.874442209033,535.096285277869
"461",33581,1199.21908336128,1198.98868614917,1202.89327560634,1208.77066982741,1280.32860077828,869.183908495338,871.991471731194,907.077281186489,880.870199669495,540.874442225226,535.096285292464
"462",33654,1199.21908336128,1198.98868614917,1202.89327560634,1208.77066982791,1280.32860077828,869.183908495338,871.991471752158,907.077281186489,880.870199669495,540.874442240691,535.0962853064
"463",33727,1199.21908336128,1198.98868614917,1202.89327560634,1208.77066982837,1280.32860077828,869.183908495338,871.991471772172,907.077281186489,880.870199669495,540.874442255461,535.096285319707
"464",33800,1199.21908336128,1198.98868614917,1202.89327560634,1208.77066982882,1280.32860077828,869.183908495338,871.991471791278,907.077281186489,880.870199669495,540.874442269567,535.096285332413
"465",33873,1199.21908336128,1198.98868614917,1202.89327560634,1208.77066982923,1280.32860077828,869.183908495338,871.991471809519,907.077281186489,880.870199669495,540.874442283039,535.096285344546
"466",33946,1199.21908336128,1198.98868614917,1202.89327560634,1208.77066982963,1280.32860077828,869.183908495338,871.991471826933,907.077281186489,880.870199669495,540.874442295905,535.09628535613
"467",34019,1199.21908336128,1198.98868614917,1202.89327560634,1208.77066983001,1280.32860077828,869.183908495338,871.991471843558,907.077281186489,880.870199669495,540.874442308193,535.096285367192
"468",34092,1199.21908336128,1198.98868614917,1202.89327560634,1208.77066983036,1280.32860077828,869.183908495338,871.991471859429,907.077281186489,880.870199669495,540.874442319929,535.096285377754
"469",34165,1199.21908336128,1198.98868614917,1202.89327560634,1208.7706698307,1280.32860077828,869.183908495338,871.99147187458,907.077281186489,880.870199669495,540.874442331138,535.09628538784
"470",34238,1199.21908336128,1198.98868614917,1202.89327560634,1208.77066983102,1280.32860077828,869.183908495338,871.991471889045,907.077281186489,880.870199669495,540.874442341842,535.09628539747
"471",34311,1199.21908336128,1198.98868614917,1202.89327560634,1208.77066983132,1280.32860077828,869.183908495338,871.991471902855,907.077281186489,880.870199669495,540.874442352065,535.096285406665
"472",34384,1199.21908336128,1198.98868614917,1202.89327560634,1208.77066983161,1280.32860077828,869.183908495338,871.991471916038,907.077281186489,880.870199669495,540.874442361829,535.096285415445
"473",34457,1199.21908336128,1198.98868614917,1202.89327560634,1208.77066983188,1280.32860077828,869.183908495338,871.991471928624,907.077281186489,880.870199669495,540.874442371154,535.096285423828
"474",34530,1199.21908336128,1198.98868614917,1202.89327560634,1208.77066983214,1280.32860077828,869.183908495338,871.991471940639,907.077281186489,880.870199669495,540.87444238006,535.096285431833
"475",34603,1199.21908336128,1198.98868614917,1202.89327560634,1208.77066983238,1280.32860077828,869.183908495338,871.99147195211,907.077281186489,880.870199669495,540.874442388565,535.096285439477
"476",34676,1199.21908336128,1198.98868614917,1202.89327560634,1208.77066983261,1280.32860077828,869.183908495338,871.991471963061,907.077281186489,880.870199669495,540.874442396688,535.096285446775
"477",34749,1199.21908336128,1198.98868614917,1202.89327560634,1208.77066983283,1280.32860077828,869.183908495338,871.991471973515,907.077281186489,880.870199669495,540.874442404446,535.096285453744
"478",34822,1199.21908336128,1198.98868614917,1202.89327560634,1208.77066983303,1280.32860077828,869.183908495338,871.991471983496,907.077281186489,880.870199669495,540.874442411856,535.096285460398
"479",34895,1199.21908336128,1198.98868614917,1202.89327560634,1208.77066983323,1280.32860077828,869.183908495338,871.991471993024,907.077281186489,880.870199669495,540.874442418932,535.096285466752
"480",34968,1199.21908336128,1198.98868614917,1202.89327560634,1208.77066983342,1280.32860077828,869.183908495338,871.99147200212,907.077281186489,880.870199669495,540.87444242569,535.096285472819
"481",35041,1199.21908336128,1198.98868614917,1202.89327560634,1208.77066983359,1280.32860077828,869.183908495338,871.991472010805,907.077281186489,880.870199669495,540.874442432145,535.096285478611
"482",35114,1199.21908336128,1198.98868614917,1202.89327560634,1208.77066983376,1280.32860077828,869.183908495338,871.991472019095,907.077281186489,880.870199669495,540.874442438309,535.096285484143
"483",35187,1199.21908336128,1198.98868614917,1202.89327560634,1208.77066983392,1280.32860077828,869.183908495338,871.99147202701,907.077281186489,880.870199669495,540.874442444196,535.096285489424
"484",35260,1199.21908336128,1198.98868614917,1202.89327560634,1208.77066983407,1280.32860077828,869.183908495338,871.991472034566,907.077281186489,880.870199669495,540.874442449819,535.096285494468
"485",35333,1199.21908336128,1198.98868614917,1202.89327560634,1208.77066983421,1280.32860077828,869.183908495338,871.991472041779,907.077281186489,880.870199669495,540.874442455189,535.096285499283
"486",35406,1199.21908336128,1198.98868614917,1202.89327560634,1208.77066983434,1280.32860077828,869.183908495338,871.991472048666,907.077281186489,880.870199669495,540.874442460317,535.096285503881
"487",35479,1199.21908336128,1198.98868614917,1202.89327560634,1208.77066983447,1280.32860077828,869.183908495338,871.99147205524,907.077281186489,880.870199669495,540.874442465215,535.096285508272
"488",35552,1199.21908336128,1198.98868614917,1202.89327560634,1208.77066983459,1280.32860077828,869.183908495338,871.991472061516,907.077281186489,880.870199669495,540.874442469893,535.096285512464
"489",35625,1199.21908336128,1198.98868614917,1202.89327560634,1208.7706698347,1280.32860077828,869.183908495338,871.991472067508,907.077281186489,880.870199669495,540.87444247436,535.096285516467
"490",35698,1199.21908336128,1198.98868614917,1202.89327560634,1208.77066983481,1280.32860077828,869.183908495338,871.991472073229,907.077281186489,880.870199669495,540.874442478627,535.096285520289
"491",35771,1199.21908336128,1198.98868614917,1202.89327560634,1208.77066983491,1280.32860077828,869.183908495338,871.99147207869,907.077281186489,880.870199669495,540.874442482702,535.096285523938
"492",35844,1199.21908336128,1198.98868614917,1202.89327560634,1208.77066983501,1280.32860077828,869.183908495338,871.991472083903,907.077281186489,880.870199669495,540.874442486594,535.096285527423
"493",35917,1199.21908336128,1198.98868614917,1202.89327560634,1208.7706698351,1280.32860077828,869.183908495338,871.991472088881,907.077281186489,880.870199669495,540.874442490311,535.09628553075
"494",35990,1199.21908336128,1198.98868614917,1202.89327560634,1208.77066983519,1280.32860077828,869.183908495338,871.991472093632,907.077281186489,880.870199669495,540.87444249386,535.096285533928
"495",36063,1199.21908336128,1198.98868614917,1202.89327560634,1208.77066983527,1280.32860077828,869.183908495338,871.991472098169,907.077281186489,880.870199669495,540.874442497251,535.096285536961
"496",36136,1199.21908336128,1198.98868614917,1202.89327560634,1208.77066983535,1280.32860077828,869.183908495338,871.991472102499,907.077281186489,880.870199669495,540.874442500489,535.096285539858
"497",36209,1199.21908336128,1198.98868614917,1202.89327560634,1208.77066983542,1280.32860077828,869.183908495338,871.991472106634,907.077281186489,880.870199669495,540.874442503581,535.096285542624
"498",36282,1199.21908336128,1198.98868614917,1202.89327560634,1208.77066983549,1280.32860077828,869.183908495338,871.991472110581,907.077281186489,880.870199669495,540.874442506534,535.096285545268
"499",36355,1199.21908336128,1198.98868614917,1202.89327560634,1208.77066983556,1280.32860077828,869.183908495338,871.991472114349,907.077281186489,880.870199669495,540.874442509355,535.096285547795
"500",36428,1199.21908336128,1198.98868614917,1202.89327560634,1208.77066983562,1280.32860077828,869.183908495338,871.991472117946,907.077281186489,880.870199669495,540.874442512048,535.09628555021
