,days,1P,2PS,2PP,3PP,1P.1,2PS.1,2PP.1,3PP.1,1P.2,2PS.2,2PP.2,3PP.2,1P.3,2PS.3,2PP.3,3PP.3,1P.4,2PS.4,2PP.4,3PP.4,1P.5,2PS.5,2PP.5,3PP.5,1P.6,2PS.6,2PP.6,3PP.6,1P.7,2PS.7,2PP.7,3PP.7,1P.8,2PS.8,2PP.8,3PP.8,1P.9,2PS.9,2PP.9,3PP.9,1P.10,2PS.10,2PP.10,3PP
1,0,0,0,0,0,0,0,0,0,0,0,0,0,0,0,0,0,0,0,0,0,0,0,0,0,0,0,0,0,0,0,0,0,0,0,0,0,0,0,0,0,0,0,0,0
2,1,1.691604381,15.0000574,10.75488729,42.79174352,1.638165629,15.07224161,10.80500294,15.77914875,2.281560833,12.28087113,9.735102415,33.51738278,0.912342901,4.132634222,2.632603848,4.811429668,2.146168739,11.95202672,6.062576841,43.61317153,1.325184204,7.823388311,5.959073179,23.38527756,0.547302066,2.617226891,1.240465262,3.405067084,1.348892027,6.295591884,2.979998495,22.92909648,1.861406888,9.31111313,2.206183748,2.266145278,0.335721268,0.548805761,0.477484284,0.498474637,0.333893934,0.49703611,0.447155341,0.486872304
3,2,3.380822604,27.81335053,20.6291286,43.96469261,3.274093048,27.87748526,20.69183124,28.94177217,4.558794117,23.50744595,18.94817705,37.51995305,1.823997194,7.920923223,5.184289936,8.991125062,4.288739626,22.40509856,11.93070557,42.91926811,2.648347992,14.89792165,11.5858675,25.07272168,1.094260619,4.963143965,2.45535963,6.08411853,2.69577815,11.82901045,5.89347979,22.7570629,3.7188803,10.95510096,4.399401582,4.510268139,0.671234154,1.085773467,0.950950783,0.991065651,0.667579522,0.986382724,0.891128722,0.966279968
4,3,5.067658033,38.76789581,29.69485088,49.12299861,4.907785315,38.76607597,29.73853074,39.93928268,6.831707859,33.77439902,27.66721806,44.14155198,2.734963398,11.3967664,7.657545761,12.64090755,6.427719507,31.56554479,17.61062477,46.65340725,3.969494442,21.29863606,16.89891189,28.77031489,1.640875876,7.069855876,3.64521286,8.22290717,4.040661351,16.70615178,8.741927961,24.84473979,5.572428315,12.8189561,6.579732478,6.732972584,1.006538787,1.611366454,1.420433608,1.477891379,1.001056894,1.468267163,1.331942338,1.438478234
5,4,6.75211361,48.14211293,38.01825007,52.96142208,6.539245103,48.03378897,38.01648112,49.14440802,9.100310258,43.16783558,35.91870655,49.74040189,3.645241967,14.58909716,10.05478263,15.84575486,8.563113135,39.61105129,23.10837052,49.14379552,5.288626247,27.09297649,21.9156941,31.76721063,2.187148025,8.965645702,4.81054058,9.958802564,5.383544236,21.01803234,11.52679615,26.29706207,7.422059278,14.52714813,8.747251374,8.934839388,1.341635279,2.126029327,1.885967049,1.959061539,1.334326163,1.942906554,1.769619899,1.903705839
6,5,8.434193252,56.17288654,45.66010537,56.91488453,8.16847597,55.93086289,45.59100363,56.8658201,11.36460983,51.76615342,43.72771792,55.31597267,4.554833506,17.52416928,12.37833531,18.67678452,10.69492745,46.69494323,28.4297834,51.91355457,6.605746991,32.34166452,26.6527365,34.80161787,2.733077317,10.6754571,5.951848164,11.39412996,6.724430276,24.84311054,14.24950246,27.89752373,9.267781788,16.26802183,10.90203351,11.11642788,1.676523782,2.6301891,2.347583981,2.434684818,1.667387481,2.410512532,2.204183282,2.362195341
7,6,10.11390017,63.06136525,52.67622193,60.6097323,9.795480835,62.6689228,52.52187062,63.35884961,13.62461464,59.64071532,51.11797723,60.61246695,5.463738514,20.22580541,14.63046907,21.193455,12.82316828,52.94940491,33.58051979,54.55548562,7.92085961,37.09933573,31.1256361,37.68144436,3.278663958,12.22128183,7.069630476,12.60487705,8.063322317,28.24891631,16.91143412,29.43648752,11.109604,17.99548522,13.04415371,13.27827688,2.011204419,3.12425583,2.805317356,2.90486768,2.000240973,2.871290228,2.635654648,2.814170386
8,7,11.79123771,68.97889968,59.11784044,64.15654311,11.42026274,68.42688262,58.86378284,68.83478693,15.88033283,66.85647791,58.11193861,65.71002693,6.371957507,22.71562096,16.81337909,23.44550041,14.94784161,58.48846741,38.56605372,57.17947809,9.233967169,41.41515539,35.34912111,40.46358986,3.823908163,13.62250722,8.164372402,13.64756437,9.400223324,31.29359482,19.51394797,30.97034776,12.94753416,19.72217683,15.17368639,15.42090588,2.34567732,3.608623709,3.259199844,3.369713873,2.332886768,3.325438827,3.064055999,3.259846479
9,8,13.46620922,74.07087784,65.03199653,67.53522724,13.04282472,73.35603677,64.66677767,73.46843737,18.13177253,73.47255016,64.73085387,70.5979611,7.279491004,25.01322512,18.92919309,25.47451759,17.06895342,63.41046859,43.39168365,59.75678568,10.54507272,45.33335002,39.33709952,43.1379893,4.368810148,14.89622578,9.236548937,14.56420726,10.73513626,34.02722024,22.05837025,32.48416882,14.78158048,21.44466708,17.2907055,17.54481524,2.679942612,4.083671266,3.709263832,3.829325023,2.665324995,3.773151692,3.489409171,3.699431362
10,9,15.13881804,78.46102567,70.46188158,70.76107448,14.66316981,77.58431887,69.9766531,77.40450664,20.37894185,79.54275741,70.99483434,75.28998859,8.186339521,27.13641725,20.97997343,27.31530149,19.18650969,67.80018823,48.0625384,62.29609931,11.85417932,48.89373818,43.10270372,45.71248618,4.913370127,16.05751661,10.28662521,15.38604643,12.06806408,36.49291358,24.54599766,33.98229898,16.61175118,23.16394009,19.39528459,19.65048703,3.014000426,4.549762074,4.155541447,4.28380049,2.997555785,4.214616414,3.911735852,4.133125313
11,10,16.80906748,82.25449515,75.4471573,73.83893851,16.28130104,81.21993931,74.83532232,80.76269856,22.6218489,85.11609412,76.92291203,79.79251847,9.092503577,29.10134423,22.96771906,28.99695693,21.30051637,71.73074544,52.58358212,64.79577264,13.16129002,52.13215221,46.65833214,48.1897779,5.457588314,17.1196657,11.31505678,16.13631427,13.39900973,38.72779194,26.97809794,35.46374853,18.43805445,24.87972293,21.48749678,21.73838579,3.347850889,5.007245338,4.598064545,4.733237402,3.329579266,4.650015021,4.331057579,4.561121273
12,11,18.4769609,85.54067678,80.02422616,76.77613232,17.89722143,84.35435832,79.28112271,83.64206573,24.86050175,90.23714247,82.53310106,84.11358692,9.997983688,30.92265528,24.89436748,30.54384081,23.41097942,75.2652028,56.95961993,67.25702185,14.46640785,55.08082259,50.01569453,50.57380861,6.001464925,18.0943892,12.32228978,16.83228502,14.72797616,40.76382049,29.35591054,36.9290096,20.26049846,26.59209935,23.5674147,23.80895915,3.681494131,5.456456472,5.036864712,5.177730718,3.661395568,5.079524145,4.747395732,4.983605155
13,12,20.1425016,88.3955663,84.22651275,79.57895943,19.510934,87.0649395,83.34913774,86.12456314,27.09490848,94.94648392,87.84244859,88.26039687,10.90278037,32.61364334,26.76179665,31.97633588,25.51790477,78.45794619,61.1953024,69.68027415,15.76953587,57.76875345,53.18584708,52.86802719,6.545000173,18.99201713,13.3087612,17.48680495,16.05496632,42.62852517,31.68064723,38.37818733,22.07909135,28.30104997,25.63511061,25.86263846,4.01493028,5.897717638,5.47197327,5.617373286,3.993004821,5.503315183,5.16077154,5.400756131
14,13,21.8056929,90.88378332,88.08470542,82.25359933,21.12244177,89.41710001,87.07147019,88.27803577,29.32507715,99.2810575,92.86708657,92.24000308,11.80689414,34.18636984,28.57182673,33.31150123,27.62129835,81.35586682,65.29513143,72.06614792,17.07067709,60.22204492,56.17922847,55.0758277,7.088194274,19.82165748,14.27489896,18.10943431,17.37998315,44.3456054,33.95349275,39.81147211,23.89384128,30.00658932,27.69065633,27.89983942,4.348159465,6.331338285,5.903421277,6.052255885,4.324407153,5.921554451,5.571206081,5.812746856
15,14,23.46653813,93.0602535,91.62697984,84.80590032,22.73174776,91.46615634,90.47749515,90.15860645,31.55101578,103.274486,97.62228229,96.05914282,12.71032551,35.6517785,30.32622205,34.56361858,29.72116609,83.99941021,69.2634644,74.41522882,18.36983455,62.46418365,59.00569562,57.20046092,7.63104744,20.59134001,15.22112221,18.70728276,18.70302957,45.93546632,36.17560534,41.22903417,25.70475637,31.70872223,29.73412326,29.9209627,4.681181814,6.757615604,6.331239527,6.482467274,4.655602693,6.334403337,5.978720284,6.219743707
16,15,25.12504059,94.97167378,94.87920401,87.2414661,24.33885497,93.25888385,93.59409089,91.81272178,33.77273241,106.9573734,102.1224844,99.7242901,13.613075,37.01979893,32.02669268,35.74464781,31.81751389,86.42345544,73.10451883,76.72807717,19.66701127,64.51630318,61.67455589,59.24506208,8.173559887,21.30814442,16.14784144,19.2856513,20.02410853,47.41568011,38.34811747,42.63104617,27.5118447,33.4074557,31.76558236,31.92639449,5.013997456,7.176835089,6.755458559,6.908094241,4.986591572,6.742018439,6.383334926,6.621907018
17,16,26.78120358,96.65774208,97.86512782,89.5656345,25.9437664,94.83483592,96.44585163,93.27881654,35.99023503,110.3575763,106.3813668,103.2416559,14.51514311,38.29944081,33.67489611,36.86460717,33.91034766,88.65808132,76.822377,79.00525206,20.96221028,66.39742016,64.19459767,61.21264552,8.715731827,21.97831295,17.05545867,19.84848896,21.34322294,48.80137718,40.47213629,44.01767899,29.31511438,35.10279644,33.78510421,33.91650705,5.346606518,7.589270949,7.176108653,7.329221646,5.317373916,7.144551723,6.785070639,7.0193913
18,17,28.4350304,98.15220785,100.6065567,91.78350897,27.54648506,96.22745988,99.05528204,94.58869828,38.20353165,113.5004502,110.41187,106.617197,15.41653038,39.49887914,35.27243887,37.93188996,35.99967328,90.72922711,80.42099025,81.24730279,22.25543459,68.12464685,66.57411923,63.10611601,9.257563475,22.60734927,17.94436765,20.3987337,22.66037573,50.10558553,42.54874422,45.38910122,31.11457348,36.79475124,35.79275895,35.89165927,5.679009129,7.995186551,7.593219834,7.745932464,5.647949856,7.542150649,7.183947908,7.412345459
19,18,30.08652436,99.48376474,103.1235107,93.89995377,29.14701394,97.46503867,101.4429744,95.76869273,40.41263024,116.4090741,114.2262408,109.8566323,16.31723731,40.62553146,36.82087813,38.95353348,38.08549663,92.65926249,83.90418322,83.45477139,23.54668721,69.71338174,68.82095615,64.92826589,9.799055044,23.20010577,18.81495402,20.9385794,23.97556981,51.33952314,44.57899956,46.74547975,32.91023003,38.48332687,37.78861632,37.85219711,6.011205418,8.394834862,8.006821875,8.158307834,5.978319521,7.934958303,7.579987071,7.800912992
20,19,31.73568873,100.6768022,105.4343704,95.91959572,30.74535603,98.57148895,103.6277713,96.84058073,42.61753877,119.104455,117.836069,112.9654494,17.2172644,41.68612802,38.32172317,39.935441,40.1678236,94.46747896,87.27565784,85.6281912,24.83597114,71.17748094,70.94250709,66.68177662,10.34020675,23.7608607,19.66759544,21.46966589,25.28880809,52.51284938,46.56393695,48.08697959,34.70209209,40.16853007,39.77274563,39.79845417,6.343195512,8.78845886,8.416944299,8.566427095,6.308483038,8.323113532,7.973208322,8.185232193
21,20,33.38252681,101.7520545,107.5560114,97.84686406,32.34151432,99.56703493,105.6269138,97.82238876,44.81826518,121.6057143,121.252323,115.948915,18.11661219,42.68677548,39.77643692,40.88256637,42.24666003,96.17051324,90.53899734,87.76808742,26.12328939,72.52941274,72.94575815,68.36923458,10.8810188,24.29338605,20.50266181,21.99321983,26.6000935,53.63388162,48.50456795,49.41376394,36.49016766,41.85036758,41.74521581,41.73075212,6.674979539,9.176291925,8.823616379,8.97036783,6.638440537,8.706751066,8.36363171,8.56543634
22,21,35.02704188,102.7271504,109.5039274,99.68598495,33.9354918,100.4687779,107.4561781,98.72903943,47.0148174,123.9302561,124.4853833,118.8120837,19.01528118,43.6330147,41.18643731,41.79906997,44.32201178,97.78271269,93.69766999,89.87497712,27.40864496,73.78039661,74.83730589,69.99312837,11.42149141,24.80100754,21.3205154,22.51015969,27.90942892,54.70978164,50.40188154,50.72599427,38.27446475,43.52884611,43.70609536,43.64940115,7.006557628,9.558558218,9.226867143,9.37020591,6.968192146,9.086001644,8.751277145,8.94165388
23,22,36.66923722,103.6170775,111.2923436,101.4409899,35.52729144,101.2911791,109.1299999,99.57288489,49.20720335,126.0939219,127.5450734,121.559806,19.91327187,44.52987315,42.5530987,42.68844862,46.39388469,99.3164502,96.75503284,91.94936941,28.69204083,74.94052829,76.62337902,71.55585232,11.9616248,25.28665738,22.12151101,23.02117734,29.21681726,55.74671628,52.25684463,52.02383026,40.05499135,45.20397239,45.6554524,45.55470042,7.337929905,9.935473048,9.626725375,9.766015524,7.297737994,9.460992129,9.136164391,9.314008602
24,23,38.30911609,104.4345766,112.9343202,103.1157259,37.11691622,102.0464672,110.6615879,100.3641492,51.39543093,128.1111312,130.4406901,124.1967369,20.81058479,45.38191252,43.87775321,43.55364415,48.46228459,100.7823961,99.71433528,93.99176554,29.97347999,76.01889236,78.30985894,73.05971055,12.50141917,25.75292082,22.90599613,23.52679488,30.52226141,56.74999559,54.07040253,53.3074297,41.83175542,46.8757531,47.59335464,47.44693846,7.669096499,10.30724322,10.02321962,10.15786923,7.627078208,9.831845624,9.518313073,9.682619813
25,24,39.94668177,105.1904792,114.4418482,104.7138645,38.70436911,102.7449825,112.0630287,101.111296,53.57950804,129.9950088,133.1810318,126.7273436,21.70722045,46.19327179,45.161692,44.39713431,50.5272173,102.1897523,102.5787224,96.00265904,31.25296544,77.0236635,79.90229909,74.50692055,13.04087475,26.20207722,23.67431109,24.02740817,31.82576427,57.72419193,55.84347948,54.57694878,43.6047649,48.54419492,49.51986938,49.3263936,8.000057538,10.67406737,10.41637817,10.54583798,7.956212918,10.19868158,9.897742678,10.0476025
26,25,41.58193751,105.8939935,115.8259364,106.238909,40.28965308,103.3954691,113.3453816,101.8213325,55.75944254,131.7575015,135.774425,129.1559129,22.60317935,46.9677065,46.40616656,45.22100859,52.58868864,103.5464546,105.3512386,97.9825358,32.53050014,77.96219762,81.40594325,75.89961621,13.57999173,26.63613622,24.42678919,24.52331923,33.12732873,58.67324245,57.57697905,55.83254196,45.37402775,50.20930453,51.43506354,51.19333434,8.330813148,11.03613629,10.80622909,10.92999117,8.285142252,10.56161593,10.27447255,10.40906748
27,26,43.21488658,106.5529479,117.0966926,107.6942026,41.87277109,104.0053212,114.5187663,102.5000607,57.93524229,133.409483,138.2287497,131.4865594,23.49846201,47.70862419,47.6123899,46.02703174,54.64670441,104.8593469,108.0348304,99.93187425,33.80608707,78.84111387,82.82574279,77.23985098,14.11877034,27.05686971,25.16375687,25.01476034,34.42695765,59.60053737,59.27178468,57.074362,47.13955187,51.87108858,53.33900365,53.04801973,8.661363458,11.39363324,11.19280022,11.31039666,8.613866337,10.92076113,10.64852191,10.76712158
28,27,44.84553223,107.1739975,118.2633967,109.0829354,43.45372611,104.580791,115.5924424,103.1522854,60.10691513,134.9608512,140.5514633,133.7232315,24.39306894,48.4191167,48.78153775,46.81669679,56.70127039,106.134331,110.63235,101.8511454,35.0797292,79.66636847,84.166373,78.52960099,14.65721079,27.46583989,25.88553386,25.50191177,35.72465393,60.50899592,60.92876007,58.30255999,48.90134516,53.52955371,55.23175584,54.89069971,8.991708595,11.74673424,11.57611913,11.68712083,8.942385302,11.27622633,11.01990981,11.12186774
29,28,46.47387771,107.7628002,119.3345687,110.4081517,45.03252108,105.1271658,116.5748828,103.781986,62.27446889,136.4206151,142.7496235,135.8697184,25.28700064,49.1019894,49.91474971,47.59126941,58.75239238,107.3764971,113.1465581,103.740813,36.3514295,80.44332103,85.43224845,79.77076792,15.19531329,27.86442416,26.59243326,25.98491514,37.02042044,61.40113185,62.54874963,59.51728536,50.65941551,55.18470654,57.11338584,56.72161549,9.321848686,12.09560835,11.95621321,12.06022858,9.270699275,11.62811746,11.3886552,11.47340519
30,29,48.09992626,108.3241658,120.3180311,111.6727565,46.60915895,105.6489165,117.4738403,104.3924593,64.43791139,137.796975,144.8299092,137.9296564,26.18025763,49.75978771,51.01313035,48.35182501,60.80007614,108.5902346,115.5801266,105.6013338,37.62119092,81.17679438,86.62753756,80.96518183,15.73307805,28.25383691,27.28476175,26.46388328,38.31426004,62.27910972,64.13257894,60.71868588,52.41377079,56.83655371,58.98395902,58.54099984,9.651783859,12.44041796,12.33310956,12.42978342,9.598808383,11.97653727,11.75477688,11.82182958
31,30,49.72368113,108.8621835,121.2209658,112.8795222,48.18364269,106.1498236,118.2964089,104.9864369,66.59725041,139.097395,146.7986415,139.9065354,27.07284042,50.39482126,52.07775027,49.09927972,62.84432744,109.7793292,117.9356421,107.4331572,38.88901643,81.87112831,87.75617633,82.11460384,16.27050528,28.63514886,27.96281966,26.93890756,39.60617561,63.14479344,65.68105516,61.90690772,54.16441884,58.48510179,60.84354035,60.34907745,9.981514241,12.78131906,12.70683511,12.79584743,9.926712755,12.3215855,12.11829352,12.16723309
32,31,51.34514554,109.3803295,122.0499667,114.0310939,49.75597522,106.633084,119.0490799,105.566183,68.75249376,140.3286689,148.6618022,141.8037043,27.96474951,51.00918565,53.10964717,49.8344163,64.88515203,110.9470456,120.215608,109.2367259,40.15490897,82.53022794,88.82188124,83.22072874,16.8075952,29.00930404,28.62690116,27.41006331,40.89617,63.99978803,67.1949674,63.08209545,55.9113675,60.1303574,62.69219442,62.14606521,10.31103996,13.11846146,13.07741652,13.15848137,10.25441252,12.66335892,12.47922366,12.50970459
33,32,52.96432274,109.8815592,122.8110875,115.1299962,51.32615948,107.1014011,119.737793,106.1335748,70.90364918,141.4969808,150.4250526,143.6243772,28.85598542,51.60478231,54.10982689,50.55790584,66.92255566,112.0961994,122.4224474,111.0124758,41.41887149,83.15760725,89.82816159,84.28518746,17.34434802,29.37713478,29.27729434,27.87741392,42.18424607,64.84547561,68.67508719,64.24439205,57.65462458,61.77232709,64.52998543,63.9321725,10.64036114,13.45198905,13.44488024,13.51774464,10.5819078,13.00195144,12.83758569,12.84932972
34,33,54.58121594,110.3683851,123.5098866,116.1786381,52.89419842,107.5570608,120.3679829,106.6901694,73.05072444,142.6079593,152.0937504,145.3716384,29.74654865,52.18333653,55.07926429,51.27032586,68.95654406,113.2292188,124.5585057,112.7608358,42.68090693,83.75642828,90.77833094,85.30954952,17.88076395,29.73937494,29.91428135,28.34101383,43.47040668,65.68304634,70.12216883,65.39393891,59.3941979,63.41101744,66.35697724,65.70760151,10.96947791,13.78204006,13.80925251,13.87369534,10.90919873,13.33745417,13.1933979,13.18619106
35,34,56.19582837,110.8429432,124.1514671,117.1793181,54.46009497,108.0019962,120.9446227,107.2372591,75.19372728,143.6667281,153.6729657,147.0484481,30.63643971,52.74641373,56.01890433,51.97217544,70.98712296,114.348198,126.6260533,114.4822285,43.94101824,84.32953638,91.67551813,86.2953253,18.41684319,30.09667153,30.53813852,28.80091075,44.75465466,66.51352513,71.53694976,66.53087591,61.13009522,65.04643499,68.17323328,67.47254747,11.2983904,14.10874726,14.17055933,14.22639034,11.23628543,13.66995553,13.54667841,13.52036819
36,35,57.80816324,111.3070492,124.7405141,118.13423,56.02385204,108.4378419,121.472263,107.7759166,77.33266541,144.6779505,155.1674972,148.6576468,31.52565911,53.29543429,56.92966287,52.66388792,73.01429806,115.4549431,128.6272873,116.1770699,45.19920833,84.87949191,92.52267751,87.24396828,18.95258597,30.44959504,31.14913651,29.25714737,46.03699287,67.33779457,72.92015098,67.65534136,62.86232433,66.67858628,69.97881665,69.22719893,11.62709873,14.43223814,14.52882649,14.57588523,11.56316804,13.99954134,13.89744526,13.85193784
37,36,59.41822377,111.762247,125.2813292,119.0454672,57.58547257,108.8659802,121.9550675,108.3070337,79.46754656,145.6458712,156.5818858,150.2019608,32.41420735,53.831687,57.81242765,53.34584145,75.03807509,116.5510117,130.5643349,117.8457694,46.45548016,85.40859878,93.32259868,88.15687722,19.48799249,30.79864843,31.74754036,29.70976256,47.31742415,68.15661472,74.2724774,68.76747206,64.59089297,68.30747784,71.77379007,70.97173803,11.95560303,14.7526352,14.88407956,14.92223441,11.88984667,14.32629484,14.24571631,14.18097398
38,37,61.02601317,112.2098489,125.7778618,119.915027,59.14495947,109.2875798,122.3968462,108.8313514,81.59837841,146.5743541,157.9204292,151.6840062,33.30208494,54.35634123,58.66805912,54.01836788,77.05845972,117.6377472,132.4392546,119.4887303,47.70983663,85.91893017,94.07791572,89.03539815,20.02306296,31.14427519,32.33360968,30.15879229,48.59595133,68.97064013,75.59461819,69.86740333,66.31580887,69.93311617,73.55821588,72.70634071,12.28390343,15.07005609,15.23634391,15.2654911,12.21632146,14.65029682,14.59150934,14.50754789
39,38,62.63153464,112.6509707,126.2337378,120.7448158,60.70231566,109.7036292,122.8010853,109.3494871,83.72516864,147.4669159,159.1871945,153.1062939,34.18929239,54.87045803,59.49739129,54.68176016,79.07545766,118.7163082,134.2540392,121.1063496,48.96228067,86.4123516,94.79111579,89.88082643,20.5577976,31.48686629,32.90759872,30.60427036,49.87257724,69.78043451,76.88724712,70.95526898,68.03707976,71.55550777,75.33215606,74.43117698,12.61200005,15.38461379,15.58564467,15.60570734,12.54259253,14.9716257,14.93484197,14.83172832
40,39,64.23479138,113.0865608,126.6522865,121.5366525,62.25754405,110.1149641,123.1709747,109.861955,85.84792493,148.3267577,160.3860307,154.4712334,35.0758302,55.37500011,60.3012325,55.33627851,81.08907457,119.7876941,136.0106173,122.6990182,50.2128152,86.89054177,95.46454741,90.69440862,21.09219662,31.8267665,33.46975649,31.04622885,51.14730471,70.58648332,78.15102296,72.03120137,69.75471334,73.17465912,77.09567222,76.14641111,12.93989302,15.69641686,15.93200679,15.94293407,12.86866001,15.29035753,15.27573171,15.15358153
41,40,65.83578658,113.5174258,127.0365641,122.292273,63.81064754,110.5222913,123.5094334,110.3691841,87.96665492,149.1567932,161.5205806,155.7811369,35.96169887,55.87084101,61.08036629,55.98215561,83.09931612,120.8527667,137.7108559,124.2671209,51.46144312,87.35501123,96.1004281,91.4773443,21.62626022,32.16427975,34.02032685,31.48469855,52.42013657,71.38920468,79.38658973,73.0953314,71.46871729,74.7905767,78.84882563,77.85220186,13.26758246,16.00556953,16.27545497,16.27722111,13.19452403,15.60656614,15.61419594,15.47317141
42,41,67.43452343,113.944251,127.3893769,123.0133337,65.36162905,110.9262085,123.8191322,110.8715331,90.08136624,149.9596745,162.5942914,157.0382236,36.84689892,56.35877333,61.83555207,56.61960094,85.10618798,121.9122694,139.356562,125.8110366,52.70816734,87.80711924,96.70085175,92.2307879,22.15998862,32.49967405,34.55954866,31.91970922,53.69107562,72.1889587,80.5945771,74.14778853,73.17909928,76.40326697,80.59167717,79.54870269,13.59506852,16.31217195,16.61601374,16.60861721,13.52018472,15.92032317,15.95025191,15.79055956
43,42,69.03100512,114.3676195,127.7133014,123.7014151,66.91049146,111.3272211,124.102515,111.3693025,92.19206653,150.7378157,163.6104256,158.2446232,37.73143085,56.83951624,62.56752596,57.24880441,87.10969579,122.9668434,140.9494847,127.3311385,53.95299077,88.24808894,97.2677955,92.95585033,22.69338202,32.83318568,35.08765584,32.35128977,54.9601247,72.98605558,81.77560069,75.1887008,74.88586698,78.01273637,82.32428738,81.23606198,13.92235129,16.6163203,16.95370741,16.93717007,13.84564219,16.23169813,16.28391677,16.10580537
44,43,70.62523484,114.7880266,128.010703,124.3580258,68.45723768,111.7257564,124.361818,111.8627443,94.29876339,151.4934141,164.5720707,159.4023793,38.61529516,57.31372228,63.27700141,57.86993937,89.10984518,124.0170417,142.4913169,128.8277937,55.19591631,88.67902096,97.80312622,93.65360068,23.22644064,33.16502299,35.60487749,32.77946849,56.2272866,73.78076247,82.93026236,76.21819487,76.589028,79.61899133,84.04671645,82.91442316,14.24943093,16.91810696,17.28856007,17.26292633,14.17089659,16.54075846,16.61520753,16.41896608
45,44,72.21721574,115.2058936,128.2837535,124.9846051,70.0018706,112.1221759,124.5990874,112.3520706,96.40146441,152.2284696,165.4821486,160.5134535,39.49849236,57.78198352,63.96466996,58.48316514,91.10664179,125.0633415,143.9836972,130.301364,56.43694684,89.10090569,98.3086067,94.32506775,23.75916469,33.49536966,36.11143799,33.20427308,57.49256414,74.57330953,84.05915055,77.23639598,78.28858999,81.22203827,85.75902419,84.58392498,14.57630754,17.21762067,17.62059564,17.58593167,14.49594803,16.84756962,16.94414108,16.73009692
46,45,73.80695102,115.6215786,128.5344467,125.5825265,71.54439309,112.516785,124.8161957,112.8374604,98.50017717,152.9448028,166.3434246,161.5797278,40.38102295,58.24483721,64.63120188,59.08862918,93.10009125,126.1061543,145.4282118,131.7522054,57.67608525,89.51463435,98.78590142,94.9712416,24.29155438,33.82438764,36.6075571,33.62573081,58.75596011,75.36389504,85.16284055,78.243428,79.98456053,82.8218836,87.46127009,86.24470162,14.90298127,17.51494666,17.94983781,17.90623076,14.82079664,17.15219513,17.27073419,17.03925111
47,46,75.39444384,116.035386,128.7646135,126.1531008,73.08480806,112.9098423,125.0148559,113.3190653,100.5949092,153.6440708,167.1585156,162.6030088,41.26288742,58.70277078,65.27724687,59.68646881,95.09019915,127.145835,146.8263959,133.1806686,58.91333444,89.92100888,99.23658206,95.59307499,24.82360991,34.15221976,37.09345004,34.04386852,60.01747732,76.15268979,86.24189483,79.23941346,81.67694723,84.41853372,89.15351327,87.89688289,15.22945222,17.8101668,18.27631008,18.22386731,15.14544255,17.45469661,17.59500352,17.34647999
48,47,76.97969735,116.4475748,128.9759345,126.6975787,74.62311837,113.3015663,125.1966357,113.7970142,102.6856682,154.3277817,167.9298983,163.58503,42.1440863,59.15622655,65.90343462,60.27681273,97.0769711,128.1826899,148.1797354,134.5870986,60.14869728,90.32075091,99.66213264,96.19148478,25.35533151,34.47899191,37.5693276,34.45871274,61.27711855,76.93984097,87.29686328,80.22447352,83.36575766,86.01199501,90.83581251,89.54059438,15.55572054,18.10335972,18.60003575,18.53888411,15.46988588,17.75513388,17.91696559,17.65183306
49,48,78.56271473,116.858365,129.1699529,127.2171539,76.1593269,113.6921418,125.3629696,114.2714173,104.7724615,154.9973086,168.6599165,164.527455,43.02462007,59.60560583,66.5103755,60.85978226,99.0604127,129.2169833,149.4896688,135.9718353,61.38217664,90.71450982,100.0639545,96.76735332,25.88671936,34.80481511,38.03539623,34.87028971,62.5348866,77.72547541,88.32828355,81.19872805,85.05099936,87.60227383,92.50822623,91.17595764,15.88178634,18.39460096,18.92103794,18.851323,15.79412676,18.05356497,18.23663683,17.95535804
50,49,80.14349911,117.2679436,129.3480854,127.7129652,77.69343652,114.081725,125.51517,114.742369,106.8552967,155.653901,169.3507884,165.4318803,43.90448924,60.05127275,67.09866109,61.43549238,101.0405295,130.2489431,150.7575882,137.3352134,62.61377541,91.10286993,100.4433707,97.32152969,26.4177737,35.12978726,38.49185812,35.27862536,63.79078426,78.50970239,89.33668125,82.16229556,86.73267989,89.18937654,94.17081254,92.80309031,16.20764975,18.68396306,19.23933955,19.16122496,16.11816532,18.35004619,18.55403354,18.25710097
51,50,81.72205366,117.6764698,129.511633,128.1860996,79.2254501,114.4704482,125.6544381,115.2099509,108.9341814,156.2986964,170.0046131,166.2998382,44.78369431,60.49355773,67.6688648,62.0040526,103.0173271,131.278766,151.9848411,138.6775623,63.84349644,91.48635706,100.8016306,97.85483102,26.94849472,35.45399466,38.93891127,35.68374537,65.0448143,79.29261613,90.32257028,83.11529328,88.41080676,90.77330949,95.82362918,94.4221063,16.53331089,18.97151572,19.5549633,19.46863008,16.44200169,18.64463219,18.8691719,18.55710625
52,51,83.29838152,118.0840787,129.6617897,128.6375942,80.75537051,114.8584231,125.7818727,115.6742339,111.0091229,156.9327302,170.6233773,167.1327992,45.66223579,60.93276057,68.22154242,62.56556769,104.9908111,132.3066218,153.1727319,139.9992063,65.0713426,91.86544434,101.139914,98.36804364,27.47888263,35.77751341,39.37674964,36.08567518,66.29697951,80.07429784,91.28645307,84.05783717,90.0853875,92.354079,97.46673355,96.03311588,16.8587699,19.25732586,19.86793173,19.77357759,16.76563598,18.937376,19.18206797,18.85541667
53,52,84.87248583,118.4908853,129.7996521,129.0684388,82.28320061,115.2457442,125.8984794,116.13528,113.0801289,157.5569447,171.208961,167.9321742,46.54011416,61.36915329,68.75723264,63.12013832,106.960987,133.332657,154.322523,141.3004647,66.29731674,92.24055756,101.4593348,98.86192426,28.00893765,36.10041062,39.80556317,36.48444003,67.54728265,80.85481753,92.22882082,84.99004188,91.75642958,93.93169139,99.10018274,97.63622585,17.1840269,19.54145779,20.17826717,20.07610589,17.08906833,19.22832908,19.49273772,19.15207354
54,53,86.44436972,118.8969875,129.9262269,129.4795779,83.80894324,115.6324914,126.0051782,116.5931438,115.1472067,158.1721978,171.7631436,168.6993175,47.41732994,61.80298271,69.27645762,63.66786154,108.9278604,134.3569979,155.4354365,142.5816522,67.52142173,92.61207985,101.7609447,99.33720109,28.53865998,36.42274546,40.22553787,36.88006487,68.79572649,81.63423561,93.15015379,85.91202085,93.4239405,95.50615297,100.7240335,99.23153966,17.509082,19.82397324,20.48599178,20.37625256,17.41229887,19.51754136,19.80119698,19.44711668
55,54,88.01403633,119.3024682,130.0424384,129.8719127,85.33260127,116.0187323,126.1028112,117.0478738,117.2103638,158.7792702,172.2876089,169.4355288,48.29388363,62.23447279,69.77972345,64.20883124,110.8914368,135.3797539,156.5126552,143.8430781,68.74366041,92.98035596,102.0457369,99.79457491,29.06804984,36.7445701,40.63685595,37.27257449,70.0423138,82.41260416,94.05092149,86.82388624,95.0879277,97.07747004,102.3383421,100.8191576,17.83393535,20.10493155,20.79112751,20.67405438,17.73532771,19.80506129,20.10746148,19.7405845
56,55,89.58148878,119.7073982,130.1491351,130.2463032,86.85417754,116.4045241,126.1921488,117.4995134,119.2696077,159.3788728,172.7839505,170.1420553,49.16977572,62.66382675,70.26752066,64.74313851,112.8517216,136.4010191,157.5553238,145.0850473,69.96403563,93.34569613,102.3146493,100.2347201,29.59710742,37.06593055,41.03969584,37.66199345,71.28704734,83.18996814,94.93158297,87.72574898,96.74839864,98.64564886,103.9431648,102.3991767,18.15858706,20.38438968,21.09369615,20.96954736,18.05815498,20.0909359,20.41154684,20.03251406
57,56,91.1467302,120.1118375,130.2470961,130.6035703,88.37367489,116.7899152,126.2738957,117.9481019,121.3249457,159.9716523,173.2536764,170.8200938,50.04500671,63.09122899,70.74032471,65.27087192,114.8087206,137.4208749,158.5645506,146.30786,71.18255022,93.70837954,102.5685672,100.6582856,30.12583294,37.38686737,41.43423229,38.04834609,72.52992987,83.96636634,95.79258704,88.61771881,98.40536075,100.2106957,105.5385573,103.9716911,18.48303725,20.66240237,21.3937193,21.26276675,18.38078081,20.37521081,20.71346857,20.32294108
58,57,92.70976371,120.5158372,130.3370367,130.944497,89.89109617,117.1749464,126.3486971,118.3936748,123.3763854,160.5581977,173.698214,171.4707931,50.91957711,63.5168468,71.19859645,65.79211782,116.762439,138.4393915,159.5414081,147.5118116,72.39920703,94.0686574,102.8083268,101.065896,30.65422661,37.70741634,41.82063647,38.43165658,73.77096414,84.74183227,96.63437247,89.49990424,100.0588214,101.7726169,107.1245749,105.5367922,18.80728606,20.93902218,21.69121837,21.55374703,18.70320533,20.6579303,21.01324205,20.61190006
59,58,94.27059243,120.9194409,130.4196137,131.2698308,91.40644421,117.5596524,126.4171431,118.8362649,125.4239339,161.1390449,174.118914,172.0952556,51.7934874,63.940832,71.64278256,66.30696051,118.7128826,139.4566299,160.4869347,148.697193,73.61400889,94.42675578,103.0347176,101.4581524,31.18228863,38.027609,42.199076,38.8119489,75.0101529,85.51639487,97.45736824,90.3724126,101.7087881,103.3314185,108.7012729,107.0945684,19.13133361,21.21429961,21.9862146,21.84252199,19.02542866,20.93913733,21.31088258,20.89942425
60,59,95.82921945,121.3226853,130.49543,131.5802848,92.91972185,117.9440623,126.4797739,119.2759025,127.4675989,161.7146819,174.5170545,172.694539,52.66673809,64.36332236,72.07331599,66.81548248,120.6600566,140.4726423,161.402135,149.8642907,74.82695862,94.78287809,103.248485,101.8356329,31.71001922,38.34747318,42.56971506,39.18924683,76.24749889,86.29007915,98.26199378,91.23535004,103.3552682,104.8871069,110.2687058,108.6451057,19.45518002,21.48828315,22.27872904,22.12912467,19.34745092,21.21887359,21.60640532,21.18554574
61,60,97.38564789,121.725602,130.5650392,131.8765395,94.43093191,118.3282009,126.5370835,119.7126158,129.5073875,162.2855527,174.8938454,173.2696587,53.53932968,64.78444285,72.49061639,67.31776451,122.6039667,141.4874742,162.2879819,151.0133866,76.03805905,95.1372074,103.4503329,102.1988943,32.23741858,38.66703339,42.93271443,39.56357396,77.48300485,87.06290676,99.04865912,92.08882155,104.9982689,106.4396883,111.8269282,110.1884871,19.77882542,21.76101939,22.56878257,22.41358745,19.66927225,21.49717955,21.89982536,21.4702955
62,61,98.93988085,122.1282175,130.6289495,132.1592444,95.94007721,118.7120891,126.5895241,120.1464313,131.5433073,162.8520615,175.2504315,173.821589,54.41126267,65.20430689,72.8950905,67.81388584,124.5446183,142.5011649,163.1454168,152.1447585,77.247313,95.48990844,103.640926,102.5484722,32.76448692,38.98631129,43.28823158,39.93495368,78.71667352,87.83489641,99.81776517,92.93293097,106.6377978,107.9891689,113.3759942,111.7247936,20.10226993,22.03255308,22.8563959,22.695942,19.99089276,21.77409445,22.19115764,21.75370338
63,62,100.4919214,122.5305548,130.6876277,132.4290193,97.44716059,119.0957448,126.6375095,120.577374,133.5753654,163.4145763,175.5878963,174.3512649,55.28253754,65.62301741,73.28713256,68.30392427,126.4820168,143.5137482,163.975351,153.2586797,78.45472328,95.84112944,103.8208919,102.8848819,33.29122445,39.30532594,43.63642076,40.3034092,79.94850763,88.60606432,100.5697039,93.76778099,108.2738621,109.5355549,114.9159576,113.2541037,20.42551368,22.30292721,23.14158955,22.97621935,20.31231258,22.0496564,22.48041703,22.03579821
64,63,102.0417727,122.932633,130.741502,132.6864554,98.95218485,119.4791827,126.6814183,121.0054679,135.6035693,163.9734321,175.9072652,174.8595837,56.15315481,66.04066778,73.6671247,68.78795623,128.4161678,144.5252536,164.7786665,154.3554194,79.6602927,96.1910038,103.9908231,103.2086196,33.81763137,39.62409418,43.97743299,40.66896355,81.17850991,89.37642455,101.3048584,94.59347319,109.9064691,111.0788524,116.4468719,114.7764933,20.7485568,22.57218305,23.42438389,23.25444988,20.63353185,22.32390236,22.76761828,22.31660781
65,64,103.5894378,123.3344686,130.7909659,132.9321172,100.4551528,119.8624157,126.7215968,121.4307357,137.6279262,164.5289337,176.2095084,175.3474066,57.02311496,66.45734273,74.0354373,69.2660569,130.3470766,145.5357065,165.556217,155.4352426,80.86402408,96.53965156,104.1512792,103.5201625,34.34370789,39.94263085,44.31141623,41.03163959,82.40668308,90.1459893,102.0236035,95.41010801,111.5356261,112.6190676,117.9687903,116.2920365,21.07139939,22.84036026,23.70479909,23.53066332,20.95455067,22.59686821,23.05277602,22.59615902
66,65,105.1349198,123.7360755,130.8363805,133.1665432,101.9560673,120.2454544,126.7583621,121.8531995,139.6484434,165.0813586,176.4955445,175.81556,57.89241848,66.87311917,74.39242935,69.73830028,132.2747486,146.545129,166.3088291,156.4984102,82.06592021,96.88718074,104.3027886,103.81997,34.86945423,40.26094904,44.63851536,41.39145996,83.63302987,90.91476916,102.7263053,96.21778482,113.1613406,114.1562067,119.4817656,117.8008052,21.3940416,23.10749695,23.98285517,23.80488879,21.27536918,22.86858875,23.3359048,22.87447772
67,66,106.6782217,124.1374658,130.8780774,133.3902472,103.4549311,120.6283079,126.7920043,122.2728803,141.6651283,165.6309595,176.7662424,176.2648369,58.76106589,67.28806685,74.73844882,70.20475921,134.1991894,147.5535401,167.0373024,157.5451792,83.2659839,97.23368855,104.4458501,104.1084842,35.39487058,40.5790603,44.95887227,41.74844717,84.85755299,91.68277335,103.413322,97.01660188,114.7836196,115.6902758,120.9858503,119.302869,21.71648355,23.37362969,24.25857199,24.07715481,21.59598751,23.13909778,23.61701906,23.15158893
68,67,108.2193466,124.5386494,130.9163609,133.6037196,104.951747,121.010984,126.8227886,122.689799,143.6779881,166.1779662,177.0224247,176.6959986,59.62905766,67.70224908,75.07383296,70.66550544,136.1204043,148.5609566,167.7424113,158.5758024,84.46421792,97.57926248,104.5809347,104.3861305,35.91995715,40.89697482,45.27262595,42.10262351,86.08025514,92.45000991,104.0850037,97.80665637,116.4024705,117.2212811,122.4810968,120.7982957,22.03872535,23.63879363,24.53196921,24.3474893,21.91640577,23.40842807,23.89613312,23.42751676
69,68,109.7582977,124.9396351,130.9515107,133.8074285,106.4465178,121.393489,126.8509579,123.1039754,145.68703,166.7225881,177.2648697,177.1097754,60.4963943,68.11572332,75.39890868,71.12060971,138.0383988,149.5673927,168.4249051,159.5905289,85.66062509,97.92398126,104.7084873,104.6533182,36.44471416,41.21470158,45.5799125,42.45401113,87.30113905,93.21648584,104.7416928,98.58804441,118.0179005,118.7492287,123.967557,122.2871514,22.36076714,23.90302255,24.80306636,24.61591962,22.2366241,23.67661143,24.17326123,23.70228451
70,69,111.2950779,125.34043,130.9837832,134.0018203,107.9392463,121.7758285,126.8767346,123.5154292,147.6922613,167.2650157,177.4943142,177.5068683,61.36307631,68.5285417,75.71399284,71.57014174,139.9531781,150.5728612,169.0855092,160.5896039,86.85520817,98.26791572,104.8289279,104.9104414,36.9691418,41.53224852,45.88086523,42.80263197,88.52020741,93.98220728,105.3837237,99.36086108,119.6299168,120.2741246,125.4452824,123.7694999,22.68260904,24.16634885,25.07188278,24.88247253,22.55664261,23.94367873,24.44841751,23.97591465
71,70,112.8296904,125.7410406,131.0134141,134.1873213,109.4299354,122.1580072,126.9003218,123.9241796,149.6936892,167.8054224,177.7114552,177.88795,62.22910416,68.94075151,76.01939253,72.01417029,141.8647478,151.5773729,169.7249257,161.5732688,88.04796996,98.61112963,104.9426531,105.1578791,37.49324029,41.84962262,46.17561469,43.14850783,89.73746292,94.74717959,106.0114238,100.1252004,121.2385267,121.795975,126.9143245,125.2454038,23.00425117,24.42880371,25.33843767,25.14717427,22.87646144,24.20965993,24.72161598,24.24842888
72,71,114.3621382,126.141472,131.0406197,134.3643379,110.9185877,122.5400291,126.9219056,124.3302454,151.6913209,168.3439661,177.9169526,178.2536662,63.09447837,69.3523957,76.31540543,72.45276317,143.7731132,152.5809373,170.343834,162.5417614,89.23891322,98.95368037,105.0500373,105.3959961,38.01700983,42.16683007,46.46428876,43.49166032,90.95290828,95.5114075,106.625113,100.8811553,122.8437374,123.314786,128.3747342,126.7149236,23.32569366,24.69041702,25.60275005,25.41005053,23.1960807,24.47458409,24.99287059,24.51984817
73,72,115.8924243,126.5417288,131.0655986,134.5332584,112.4052061,122.9218974,126.9416563,124.7336451,153.6851637,168.8807906,178.1114306,178.6046363,63.95919941,69.76351321,76.60232007,72.8859873,145.6782797,153.5835628,170.9428921,163.4953155,90.42804073,99.29561957,105.151434,105.6251436,38.54045063,42.48387631,46.74701266,43.83211089,92.16654619,96.27489516,107.2251039,101.6288179,124.445556,124.8305635,129.8265622,128.1781183,23.64693662,24.95121755,25.86483878,25.67112647,23.51550052,24.73847942,25.26219517,24.79019272
74,73,117.4205518,126.9418149,131.0885331,134.6944529,113.8897933,123.303615,126.9597296,125.1343969,155.6752247,169.4160267,178.2954803,178.941455,64.82326779,70.17413939,76.8804161,73.31390872,147.5802526,154.5852567,171.5227365,164.4341617,91.61535526,99.6369937,105.2471772,105.8456595,39.06356289,42.80076615,47.02390904,44.1698808,93.37837931,97.03764624,107.8117024,102.368279,126.0439898,126.3433138,131.2698591,129.6350454,23.96798019,25.21123288,26.12472258,25.93042674,23.83472103,25.00137329,25.52960344,25.05948208
75,74,118.9465237,127.3417336,131.1095906,134.8482749,115.3723521,123.6851844,126.9762681,125.5325189,157.661511,169.9497933,178.4696607,179.2646929,65.686684,70.58430632,77.14996458,73.73659258,149.4790373,155.5860254,172.0839835,165.3585269,92.80085958,99.9778446,105.3375821,106.0578688,39.58634683,43.11750384,47.29509802,44.50499116,94.58841036,97.799664,108.3852073,103.0996287,127.6390457,127.8530428,132.7046749,131.0857606,24.28882449,25.47048956,26.38241999,26.18797549,24.15374235,25.26329227,25.79510904,25.32773511
76,75,120.4703431,127.7414876,131.1289247,134.9950615,116.8528854,124.0666075,126.9914022,125.9280287,159.64403,170.4821991,178.6345013,179.5748975,66.54944853,70.99404312,77.41122823,74.15410321,151.3746391,156.5858746,172.6272297,166.2686342,93.98455644,100.3182099,105.4229464,106.2620845,40.10880263,43.43409312,47.56069724,44.83746292,95.79664199,98.56095133,108.945911,103.8229558,129.2307311,129.3597566,134.1310594,132.5303187,24.60946964,25.72901304,26.63794941,26.44379636,24.4725646,25.52426213,26.0587255,25.59497002
77,76,121.9920131,128.1410793,131.1466767,135.1351346,118.3313958,124.4478861,127.0052512,126.320944,161.6227886,171.0133425,178.7905027,179.8725944,67.41156187,71.4033762,77.6644617,74.5665041,153.2670634,157.584809,173.1530522,167.1647038,95.1664486,100.6581235,105.5035512,106.4586077,40.63093053,43.75053732,47.82082193,45.16731685,97.00307689,99.32151083,109.4940991,104.5383485,130.819053,130.8634612,135.5490623,133.9687724,24.92991576,25.9868278,26.89132908,26.69791252,24.79118791,25.78430789,26.32046628,25.8612044
78,77,123.5115366,128.5405108,131.1629761,135.2688011,119.8078861,124.8290217,127.0179244,126.711282,163.597794,171.5433136,178.938139,180.1582879,68.27302451,71.81232954,77.90991183,74.97385795,155.1563155,158.5828333,173.6620101,168.0469521,96.3465388,100.9976158,105.5796618,106.6477281,41.1527307,44.06683935,48.07558493,45.49457357,98.20771773,100.0813448,110.0300511,105.2458938,132.4040186,132.3641625,136.9587327,135.4011736,25.25016299,26.24395734,27.14257707,26.95034667,25.10961241,26.04345382,26.58034472,26.12645524
79,78,125.0289166,128.9397838,131.1779417,135.3963541,121.2823591,125.2100155,127.0295216,127.09906,165.5690534,172.072194,179.0778588,180.432462,69.13383694,72.22092491,78.14781785,75.37622664,157.0424007,159.5799512,174.1546442,168.9155922,97.52482981,101.3367144,105.6515288,106.8297247,41.67420338,44.38300179,48.32509677,45.81925352,99.41056718,100.8404554,110.5540401,105.9456776,133.9856348,133.8618667,138.3601196,136.8275727,25.57021143,26.50042424,27.39171134,27.20112107,25.42783821,26.30172347,26.83837406,26.39073895
80,79,126.5441563,129.3388998,131.1916829,135.5180732,122.7548176,125.5908686,127.0401343,127.484295,167.5365738,172.6000582,179.2100865,180.6955811,69.99399966,72.62918204,78.37841164,75.77367129,158.9253243,160.5761662,174.631478,169.7708342,98.70132436,101.6754438,105.7193889,107.0048656,42.19534875,44.69902694,48.56946567,46.14137699,100.6116279,101.5988444,111.0663331,106.6377853,135.5639089,135.3565796,139.7532718,138.2480188,25.89006122,26.75625019,27.63874965,27.45025749,25.74586544,26.55913971,27.09456746,26.65407139
81,80,128.0572586,129.7378602,131.2042998,135.6342253,124.2252643,125.971582,127.0498462,127.8670039,169.5003624,173.126974,179.335224,180.9480911,70.85351316,73.03711886,78.60191795,76.16625225,160.8050917,161.5714814,175.0930184,170.6128846,99.87602518,102.0138265,105.7834656,107.1734093,42.71616703,45.0149168,48.80879765,46.46096412,101.8109026,102.3565136,111.5671912,107.3223009,137.1388478,136.8483073,141.1382375,139.6625597,26.20971248,27.01145603,27.88370965,27.69777729,26.06369422,26.81572471,27.348938,26.91646788
82,81,129.5682265,130.1366659,131.2158846,135.7450649,125.6937019,126.3521563,127.0587337,128.2472034,171.4604262,173.6530031,179.4536514,181.1904196,71.71237792,73.44475164,78.81855465,76.55402911,162.681708,162.5658996,175.5397558,171.4419469,101.048935,102.3518823,105.8439697,107.3356042,43.23665842,45.33067317,49.04319654,46.77803487,103.0083938,103.1134646,112.0568695,107.9993078,138.7104586,138.3370557,142.5150649,141.0712423,26.52916533,27.26606177,28.12660881,27.94370139,26.38132469,27.07150001,27.60149863,27.17794321
83,82,131.0770631,130.5353179,131.2265218,135.850835,127.1601332,126.7325923,127.066867,128.62491,173.4167723,174.1782017,179.5657286,181.4229773,72.57059443,73.85209515,79.02853287,76.93706072,164.5551787,163.5594233,175.9721651,172.2582214,102.2200566,102.6896292,105.9011004,107.4916894,43.75682312,45.64629762,49.27276401,47.09260905,104.2041043,103.8696988,112.5356178,108.6688883,140.2787484,139.8228308,143.8838019,142.4741122,26.8484199,27.52008663,28.36746448,28.1880503,26.69875695,27.32648649,27.85226223,27.4385117
84,83,132.5837713,130.933817,131.2362889,135.9517675,128.6245609,127.1128905,127.0743102,129.0001403,175.3694078,174.702621,179.6717961,181.6461581,73.42816319,74.25916278,79.23205728,77.3154052,166.4255089,164.5520548,176.3907057,173.0619055,103.3893927,103.0270836,105.955046,107.6418951,44.27666134,45.96179156,49.49759966,47.40470633,105.3980366,104.6252175,113.0036799,109.3311238,141.8437241,141.3056384,145.2444959,143.8712139,27.1674763,27.77354908,28.60629385,28.43084411,27.01599114,27.58070442,28.1012416,27.69818715
85,84,134.0883541,131.3321639,131.2452571,136.0480837,130.0869878,127.4930514,127.0811218,129.3729105,177.3183396,175.2263074,179.7721762,181.86034,74.28508468,74.6659667,79.42932626,77.68911995,168.2927039,165.5437961,176.7958226,173.8531932,104.5569459,103.3642599,106.005984,107.7864427,44.79617329,46.27715621,49.71780103,47.71434621,106.5901935,105.3800221,113.4612943,109.9860951,143.4053928,142.7854846,146.5971942,145.2625909,27.48633467,28.02646685,28.84311396,28.67210253,27.33302738,27.83417347,28.34844942,27.95698293
86,85,135.5908147,131.7303592,131.253492,136.1399947,131.5474165,127.8730755,127.0873556,129.7432369,179.2635748,175.7493034,179.8671737,182.065886,75.1413594,75.07251796,79.62053207,78.05826166,170.156769,166.534649,177.1879462,174.6322759,105.7227191,103.7011714,106.054082,107.9255455,45.31535917,46.59239268,49.93346363,48.02154803,107.7805776,106.1341136,113.9086944,110.6338817,144.9637615,144.2623753,147.9419438,146.6482858,27.80499512,28.278857,29.07794172,28.91184483,27.6498658,28.08691274,28.59389831,28.21491196
87,86,137.0911558,132.1284035,131.2610535,136.2277019,133.00585,128.252963,127.0930606,130.1111355,181.2051204,176.2716477,179.9570775,182.2631442,75.99698782,75.47882657,79.80586108,78.42288631,172.0177095,167.5246154,177.5674934,175.3993417,106.8867149,104.0378299,106.0994986,108.0594084,45.83421918,46.90750195,50.14468103,48.326331,108.9691915,106.8874932,114.346108,111.2745624,146.5188371,145.7363163,149.2787915,148.0283399,28.12345778,28.53073589,29.31079388,29.15008996,27.96650651,28.33894074,28.83760078,28.47198671
88,87,138.5893806,132.5262971,131.2679968,136.3113976,134.4622907,128.6327144,127.0982818,130.4766224,183.1429834,176.7933752,180.0421606,182.4524488,76.85197044,75.88490164,79.98549393,78.78304922,173.8755305,168.5136968,177.9348674,176.154576,108.048936,104.374246,106.1423831,108.188229,46.35275353,47.22248486,50.35154485,48.62871415,110.1560378,107.6401619,114.7737581,111.9082152,148.0706265,147.2073136,150.6077836,149.402794,28.44172276,28.78211924,29.54168708,29.38685645,28.28294964,28.59027546,29.07956924,28.72821925
89,88,140.0854921,132.9240405,131.2743725,136.3912654,135.9167416,129.0123299,127.1030603,130.8397133,185.0771708,177.3145182,180.1226815,182.6341205,77.70630774,76.29075143,80.1596057,79.13880498,175.7302374,169.5018948,178.2904587,176.8981613,109.2093852,104.7104293,106.1828768,108.312197,46.87096243,47.5373422,50.55414482,48.92871639,111.3411192,108.3921207,115.1918626,112.5349172,149.6191368,148.6753729,151.9289663,150.7716876,28.7597902,29.03302217,29.77063779,29.62216248,28.59919531,28.84093435,29.31981605,28.98362126
90,89,141.5794931,133.321634,131.2802271,136.4674803,137.3692052,129.3918096,127.1074337,131.200424,187.0076896,177.8351056,180.1988849,182.8084671,78.56000022,76.69638344,80.32836609,79.49020756,177.5818352,170.4892106,178.6346452,177.6302773,110.3680651,105.0463885,106.2211129,108.4314953,47.38884608,47.85207463,50.75256885,49.22635647,112.5244383,109.1433705,115.6006346,113.1547447,151.1643748,150.1405003,153.2423855,152.1350596,29.07766022,29.28345918,29.99766236,29.85602588,28.91524365,29.09093432,29.55835345,29.23820402
91,90,143.0713867,133.7190779,131.2856033,136.5402093,138.8196844,129.771154,127.1114365,131.5587702,188.9345467,178.3551641,180.2710024,182.9757839,79.41304836,77.10180449,80.49193959,79.83731023,179.4303293,171.4756457,178.9677928,178.3511009,111.5249784,105.3821313,106.2572175,108.5462999,47.90640467,48.16668277,50.94690301,49.52165297,113.7059977,109.8939122,116.0002825,113.767773,152.7063476,151.6027015,154.5480868,153.492948,29.39533293,29.53344421,30.22277698,30.08846411,29.23109478,29.34029182,29.79519361,29.49197844
92,91,144.5611758,134.1163724,131.2905402,136.6096119,140.2681818,130.150363,127.1151001,131.9147673,190.8577491,178.8747178,180.3392529,183.1363544,80.26545264,77.50702074,80.65048562,80.18016562,181.2757248,172.4612012,179.2902555,179.0608062,112.6801279,105.7176647,106.2913093,108.6567799,48.42363842,48.48116716,51.13723159,49.81462435,114.8858,110.6437467,116.3910097,114.3740767,154.2450619,153.0619824,155.8461156,154.8453898,29.71280846,29.78299066,30.44599772,30.31949432,29.54674882,29.58902278,30.0303486,29.74495508
93,92,146.0488635,134.5135178,131.2950737,136.6758402,141.7147001,130.5294369,127.1184533,132.2684308,192.7773037,179.3937886,180.4038438,183.2904506,81.11721355,77.91203783,80.80415872,80.51882571,183.1180269,173.4458784,179.6023759,179.7595648,113.8335162,106.0529952,106.3235005,108.7630983,48.94054754,48.79552828,51.32363717,50.10528893,116.0638479,111.3928749,116.7730156,114.9737297,155.7805246,154.5183488,157.1365169,156.1924215,30.03008694,30.03211139,30.66734053,30.54913328,29.86220589,29.83714268,30.2638304,29.99714415
94,93,147.5344527,134.9105143,131.299237,136.7390395,143.159242,130.9083758,127.1215226,132.619776,194.6932174,179.9123968,180.4649715,183.4383336,81.96833158,78.31686086,80.95310867,80.85334185,184.9572409,174.4296782,179.9044858,180.4475455,114.985146,106.3881282,106.3538972,108.8654118,49.45713221,49.10976655,51.50620061,50.39366486,117.2401439,112.1412975,117.1464948,115.5668047,157.3127427,155.9718065,158.4193356,157.5340787,30.34716848,30.28081876,30.8868212,30.77739749,30.17746613,30.08466654,30.49565094,30.24855554
95,94,149.0179463,135.307362,131.3030604,136.7993482,144.6018103,131.2871799,127.124332,132.9688181,196.6054971,180.4305605,180.5228217,183.5802538,82.81880721,78.72149444,81.09748064,81.18376475,186.7933718,175.4126019,180.1969063,181.1249145,116.13502,106.7230691,106.3825994,108.9638713,49.97339265,49.42388236,51.68500111,50.67977017,118.4146907,112.8890154,117.5116375,116.1533741,158.8417229,157.4223614,159.6946163,158.8703962,30.6640532,30.52912464,31.10445539,31.00430308,30.49252964,30.33160891,30.72582202,30.49919881
96,95,150.4993473,135.7040612,131.3065716,136.8568985,146.0424076,131.6658493,127.1269037,133.3155723,198.5141498,180.9482963,180.5775699,183.7164518,83.66864092,79.12594281,81.23741535,81.5101445,188.6264249,176.3946504,180.4799481,181.7918355,117.2831409,107.0578223,106.4097016,109.058622,50.48932907,49.73787605,51.86011623,50.96362273,119.5874909,113.6360292,117.86863,116.7335092,160.3674722,158.8700193,160.9624032,160.2014083,30.98074124,30.77704043,31.32025864,31.22986589,30.80739656,30.57798395,30.95435538,30.74908321
97,96,151.9786586,136.1006119,131.3097963,136.9118167,147.4810367,132.044384,127.1292578,133.6600534,200.4191822,181.4656194,180.6293828,183.8471582,84.51783321,79.53020976,81.37304918,81.83253058,190.4564053,177.3758247,180.7539121,182.4484698,118.4295113,107.3923921,106.4352931,109.1498035,51.00494166,50.05174794,52.03162193,51.24524028,120.758547,114.3823399,118.217654,117.3072805,161.8899974,160.3147859,162.2227403,161.5271484,31.2972327,31.02457711,31.53424635,31.45410147,31.122067,30.82380538,31.18126268,30.9982177
98,97,153.4558833,136.4970144,131.3127578,136.9642231,148.9177002,132.4227843,127.1314128,134.0022765,202.3206014,181.9825436,180.6784175,183.9725944,85.36638455,79.93429879,81.50451434,82.15097186,192.2833182,178.3561258,181.0190894,183.0949758,119.5741339,107.7267821,106.459458,109.2375504,51.52023062,50.3654983,52.19959262,51.52464042,121.9278616,115.127948,118.5588875,117.8747579,163.4093052,161.756667,163.4756715,162.8476494,31.61352772,31.27174518,31.7464338,31.67702504,31.4365411,31.06908652,31.40655548,31.24661095
99,98,154.9310242,136.8932686,131.3154778,137.0142326,150.3524007,132.80105,127.1333857,134.3422563,204.218414,182.4990815,180.7248231,184.092973,86.21429543,80.33821305,81.63193894,82.46551661,194.1071687,179.3355546,181.2757618,183.73151,120.7170114,108.0609959,106.4822758,109.321992,52.03519617,50.67912739,52.36410117,51.80184061,123.0954374,115.8728544,118.8925043,118.4360103,164.9254025,163.1956683,164.7212403,164.1629435,31.92962642,31.51855477,31.95683614,31.89865156,31.75081896,31.31384028,31.63024528,31.49427137
100,99,156.4040842,137.2893748,131.3179761,137.0619548,151.7851411,133.1791815,127.1351919,134.6800075,206.112627,183.0152445,180.7687407,184.2084979,87.06156634,80.7419554,81.7554472,82.77621253,195.927962,180.314112,181.5242022,184.358226,121.8581464,108.3950364,106.5038218,109.4032528,52.5498385,50.99263542,52.52521892,52.07685818,124.2612769,116.6170598,119.2186745,118.9911062,166.438296,164.6317957,165.9594899,165.4730623,32.24552891,31.76501558,32.16546837,32.11899567,32.06490072,31.55807922,31.85234348,31.74120707
101,100,157.8750664,137.6853331,131.3202707,137.1074943,153.2159239,133.5571787,127.1368456,135.0155448,208.0032472,183.5310431,180.8103035,184.3193647,87.90819775,81.14552846,81.87515948,83.08310669,197.7457031,181.291799,181.7646744,184.9752753,122.9975416,108.7289063,106.5241669,109.4814526,53.06415782,51.3060226,52.68301579,52.34971029,125.4253828,117.3605648,119.5375644,119.5401129,167.9479926,166.0650549,167.1904633,166.7780368,32.56123532,32.01113696,32.3723454,32.33807177,32.3787865,31.8018155,32.0728614,31.98742593
102,101,159.3439737,138.0811434,131.3223783,137.150951,154.6447518,133.9350416,127.1383597,135.3488827,209.8902814,184.0464868,180.8496379,184.4257614,88.75419014,81.5489346,81.99119247,83.38624564,199.5603971,182.2686164,181.9974342,185.582807,124.1351997,109.0626083,106.5433779,109.5567067,53.57815432,51.61928912,52.83756022,52.62041402,126.5877575,118.1033703,119.8493363,120.0830974,169.4544989,167.4954515,168.4142033,168.0778975,32.87674578,32.25692787,32.57748198,32.55589396,32.69247642,32.04506093,32.29181029,32.23293558
103,102,160.8108089,138.476806,131.3243144,137.1924201,156.0716276,134.3127705,127.1397462,135.6800356,211.7737363,184.5615842,180.8868634,184.5278682,89.59954401,81.95217596,82.10365925,83.68567531,201.3720493,183.244565,182.2227289,186.180968,125.2711232,109.3961444,106.5615182,109.6291261,54.09182822,51.93243515,52.98891926,52.88898627,127.7484037,118.8454768,120.1541492,120.6201257,170.9578217,168.9229914,169.6307524,169.3726743,33.19206039,32.50239692,32.78089277,32.77247608,33.00597059,32.28782699,32.50920131,32.47774342
104,103,162.275575,138.8723209,131.3260928,137.2319925,157.4965538,134.6903652,127.1410158,136.0090178,213.6536189,185.0763433,180.922093,184.6258579,90.44425983,82.35525452,82.21266944,83.98144109,203.1806647,184.2196457,182.4407979,186.7699027,126.4053149,109.7295167,106.5786474,109.6988176,54.60517971,52.24546083,53.13715855,53.15544382,128.9073239,119.586885,120.4521584,121.151263,172.4579678,170.3476801,170.8401528,170.6623965,33.50717929,32.74755239,32.98259228,32.98783172,33.31926915,32.53012479,32.72504554,32.7218566
105,104,163.7382749,139.2676882,131.3277266,137.269755,158.9195331,135.067826,127.1421785,136.3358435,215.5299359,185.5907712,180.9554338,184.7198967,91.28833809,82.75817205,82.31832929,84.27358783,204.9862483,185.1938594,182.651873,187.3497534,127.5377774,110.0627271,106.594822,109.7658839,55.118209,52.55836633,53.28234242,53.41980334,130.0645207,120.3275958,120.7435158,121.6765741,173.9549439,171.7695235,172.0424467,171.947093,33.82210259,32.99240223,33.18259491,33.2019742,33.63237222,32.77196513,32.939354,32.96528206
106,105,165.1989116,139.662908,131.3292275,137.3057904,160.3405683,135.4451529,127.1432434,136.660527,217.402694,186.1048746,180.9869872,184.8101439,92.13177926,83.16093019,82.42074177,84.56215979,206.7888053,186.1672069,182.8561784,187.9206604,128.6685132,110.3957772,106.6100951,109.8304239,55.63091629,52.87115175,53.42453383,53.68208132,131.2199966,121.0676096,121.0283699,122.1961228,175.4487566,173.1885271,173.2376756,173.2267921,34.13683042,33.23695409,33.38091493,33.4149166,33.94527991,33.01335849,33.15213761,33.20802653
107,106,166.6574879,140.0579803,131.3306065,137.3401776,161.7596619,135.8223458,127.1442187,136.9830821,219.2718999,186.6186594,181.0168488,184.8967523,92.97458382,83.5635304,82.5200067,84.84720074,208.5883408,187.1396889,183.0539314,188.4827614,129.7975252,110.7286685,106.624517,109.8925327,56.14330177,53.18381723,53.56379448,53.94229418,132.3737543,121.8069273,121.3068658,122.7099724,176.9394127,174.6046968,174.4258812,174.5015218,34.4513629,33.4812153,33.5775665,33.62667176,34.25799235,33.25431504,33.36340722,33.45009653
108,107,168.1140068,140.4529051,131.3318735,137.372992,163.1768166,136.1994049,127.1451122,137.303523,221.1375605,187.1321311,181.0451095,184.9798686,93.81675226,83.96597404,82.61622082,85.12875386,210.3848597,188.1113063,183.245342,189.0361925,130.9248157,111.0614022,106.6381352,109.952302,56.65536566,53.49636288,53.70018477,54.20045816,133.5257963,122.5455495,121.5791455,123.2181853,178.4269187,176.018038,175.6071046,175.7713095,34.76570014,33.72519291,33.77256365,33.83725227,34.57050966,33.49484464,33.5731736,33.69149839
109,108,169.5684711,140.8476827,131.3330377,137.4043056,164.5920351,136.5763303,127.1459307,137.6218634,222.9996824,187.6452947,181.071855,185.0596336,94.65828506,84.36826232,82.70947791,85.40686185,212.1783672,189.08206,183.4306137,189.5810872,132.0503876,111.3939798,106.6509945,110.0098199,57.16710816,53.80878879,53.83376387,54.4565894,134.6761251,123.2834768,121.8453476,123.7208234,179.9112815,177.4285565,176.781387,177.036182,35.07984228,33.9688937,33.96592031,34.04667049,34.88283196,33.73495688,33.78144745,33.93223824
110,109,171.0208837,141.242313,131.3341075,137.4341871,166.00532,136.9531219,127.1466806,137.9381171,224.8582724,188.1581547,181.0971668,185.1361826,95.4991827,84.77039638,82.79986887,85.68156686,213.9688683,190.0519507,183.6099435,190.1175772,133.1742434,111.7264022,106.6631373,110.0651712,57.67852946,54.12109507,53.96458973,54.7107039,135.8247432,124.02071,122.105608,124.2179479,181.3925075,178.836258,177.9487691,178.2961661,35.39378943,34.21232418,34.15765028,34.25493858,35.19495938,33.97466105,33.98823938,34.17232203
111,110,172.4712476,141.6367961,131.3350907,137.4627018,167.4166739,137.3297799,127.1473677,138.2522977,226.7133371,188.6707153,181.1211215,185.2096451,96.33944565,85.17237722,82.88748177,85.95291052,215.7563681,191.0209791,183.7835218,190.6457923,134.2963858,112.0586704,106.6746034,110.1184375,58.18962977,54.43328181,54.09271909,54.96281755,136.9716533,124.7572496,122.3600591,124.7096192,182.8706035,180.2411479,179.1092915,179.5512877,35.70754171,34.4554906,34.34776723,34.46206843,35.50689203,34.21396617,34.19355995,34.41175553
112,111,173.9195656,142.0311321,131.3359943,137.4899123,168.8260995,137.7063043,127.1479975,138.564419,228.5648833,189.1829803,181.143792,185.2801456,97.17907439,85.57420577,82.97240203,86.22093397,217.5408715,191.9891462,183.9515331,191.16586,135.4168172,112.3907854,106.6854306,110.1696973,58.70040929,54.74534909,54.21820754,55.2129461,138.1168578,125.4930964,122.6088307,125.1958971,184.345576,181.643232,180.2629945,180.8015726,36.02109925,34.69839898,34.53628475,34.66807174,35.81863005,34.45288099,34.39741962,34.65054436
113,112,175.3658407,142.425321,131.3368249,137.5158784,170.2335994,138.0826951,127.1485747,138.8744944,230.4129176,189.6949531,181.1652472,185.3478035,98.01806941,85.97588288,83.05471239,86.48567783,219.3223837,192.9564526,184.1141561,191.6779059,136.5355405,112.722748,106.6956545,110.2190262,59.21086822,55.05729699,54.34110951,55.46110518,139.2603594,126.228251,122.8520495,125.6768409,185.8174317,183.0425159,181.4099181,182.0470461,36.33446216,34.94105508,34.72321629,34.87296,36.13017354,34.69141402,34.59982878,34.88869393
114,113,176.8100756,142.8193629,131.3375884,137.5406568,171.6391762,138.4589524,127.1491038,139.1825372,232.2574467,190.2066369,181.1855523,185.4127335,98.85643118,86.37740933,83.13449308,86.74718224,221.1009095,193.9228992,184.2715634,192.1820539,137.6525581,113.0545589,106.7053088,110.266497,59.72100677,55.36912558,54.46147833,55.70731029,140.4021604,126.9627141,123.0898395,126.152509,187.2861772,184.4390051,182.5501022,183.2877333,36.64763056,35.18346446,34.90857519,35.07674449,36.44152263,34.92957349,34.80079776,35.12620954
115,114,178.2522733,143.2132578,131.3382903,137.5643019,173.0428327,138.8350763,127.1495889,139.4885609,234.0984771,190.7180347,181.2047688,185.4750455,99.69416018,86.77878582,83.21182186,87.00548683,222.8764541,194.8884867,184.4239225,192.6784257,138.7678726,113.3862188,106.7144253,110.3121796,60.23082512,55.68083495,54.5793662,55.95157682,141.5422635,127.6964863,123.3223219,126.6229593,188.7518189,185.8327052,183.6835864,184.5236586,36.96060458,35.42563245,35.09237467,35.27943628,36.75267744,35.16736742,35.0003368,35.36309632
116,115,179.6924367,143.6070058,131.3389357,137.5868656,174.4445713,139.2110667,127.1500338,139.7925786,235.9360157,191.229149,181.2229553,185.5348451,100.5312569,87.18001299,83.28677408,87.26063076,224.6490223,195.8532159,184.5713952,193.1671414,139.8814868,113.7177283,106.7230338,110.3561414,60.74032349,55.99242516,54.69482426,56.19392004,142.6806712,128.4295683,123.5496151,127.088249,190.2143635,187.2236219,184.8104101,185.7548462,37.27338434,35.66756417,35.27462787,35.48104624,37.06363809,35.40480356,35.19845608,35.59935923
117,116,181.1305686,144.000607,131.3395292,137.6083972,175.8443948,139.5869238,127.1504419,140.0946035,237.7700689,191.7399822,181.2401668,185.5922336,101.3677218,87.58109144,83.35942281,87.5126527,226.4186193,196.8170876,184.7141383,193.6483189,140.993403,114.049088,106.7311628,110.3984473,61.24950208,56.30389628,54.8079026,56.43435509,143.817386,129.1619607,123.771835,127.5484347,191.6738176,188.6117606,185.9306123,186.9813202,37.58596995,35.90926455,35.45534779,35.68158505,37.37440471,35.64188945,35.39516571,35.83500313
118,117,182.5666719,144.3940615,131.340075,137.6289441,177.2423056,139.9626475,127.1508162,140.3946486,239.6006435,192.2505366,181.2564557,185.6473083,102.2035553,87.98202172,83.42983883,87.76159085,228.18525,197.7801026,184.8523034,194.1220745,142.103624,114.3802983,106.738839,110.4391595,61.75836108,56.61524837,54.91865027,56.67289699,144.9524104,129.8936642,123.9890948,128.0035725,193.1301876,189.9971269,187.0442321,188.203104,37.89836154,36.15073831,35.63454733,35.88106319,37.68497742,35.87863242,35.5904757,36.0700327
119,118,184.0007494,144.7873692,131.3405771,137.6485512,178.6383066,140.3382381,127.1511597,140.692727,241.4277459,192.7608143,181.2718715,185.7001623,103.038758,88.3828043,83.49809078,88.00748295,229.9489193,198.7422616,184.9860373,194.5885228,143.2121523,114.7113598,106.7460877,110.4783382,62.2669007,56.92648149,55.02711532,56.90956065,146.085747,130.6246794,124.2015052,128.4537176,194.58348,191.3797263,188.1513081,189.4202208,38.21055923,36.39198999,35.81223928,36.07949098,37.99535633,36.11503957,35.78439602,36.30445252
120,119,185.4328041,145.1805302,131.3410391,137.6672616,180.0324001,140.7136953,127.151475,140.9888516,243.2513828,193.270817,181.2864611,185.7508854,103.8733303,88.78343965,83.56424518,88.25036627,231.7096323,199.7035654,185.1154823,195.0477764,144.3189906,115.0422729,106.7529326,110.516041,62.77512113,57.23759571,55.13334479,57.14436086,147.2173981,131.3550071,124.4091745,128.898925,196.0337014,192.7595644,189.2518787,190.6326936,38.52256314,36.63302398,35.98843632,36.27687853,38.30554156,36.35111777,35.97693655,36.53826704
121,120,186.8628387,145.5735447,131.3414641,137.6851162,181.424589,141.0890195,127.1517645,141.283035,245.0715607,193.7805464,181.3002686,185.7995633,104.7072727,89.18392819,83.62836649,88.49027762,233.4673938,200.6640148,185.2407758,195.4999463,145.4241413,115.373038,106.7593963,110.5523237,63.28302259,57.54859107,55.23738476,57.37731229,148.3473665,132.0846478,124.6122085,129.3392486,197.4808583,194.1366467,190.3459821,191.840545,38.83437339,36.87384445,36.16315103,36.47323578,38.61553325,36.58687373,36.16810713,36.77148056
122,121,188.2908561,145.9664125,131.3418553,137.7021542,182.8148757,141.4642105,127.1520303,141.5752902,246.8882863,194.2900042,181.313336,185.8462785,105.5405857,89.5842703,83.69051721,88.72725338,235.2222088,201.6236105,185.3620511,195.9451418,146.527607,115.7036553,106.7655,110.5872396,63.79060525,57.85946765,55.33928037,57.6084295,149.4756545,132.8136021,124.8107106,129.7747422,198.9249571,195.5109787,191.4336565,193.0437974,39.1459901,37.11445546,36.33639588,36.6685725,38.9253315,36.82231393,36.35791748,37.00409729
123,122,189.7168591,146.3591339,131.3422154,137.7184129,184.2032629,141.8392684,127.1522746,141.8656296,248.701566,194.7991917,181.3257031,185.8911103,106.3732697,89.98446633,83.75075791,88.96132945,236.9740823,202.5823533,185.4794369,196.3834704,147.6293904,116.0341253,106.7712639,110.6208403,64.29786934,58.17022549,55.43907581,57.83772693,150.6022646,133.5418708,125.0047821,130.2054586,200.3660043,196.8825659,192.5149394,194.2424727,39.45741338,37.35486087,36.50818324,36.8628983,39.23493645,37.05744468,36.54637729,37.23612131
124,123,191.1408507,146.7517089,131.3425469,137.733928,185.5897531,142.2141934,127.152499,142.1540659,250.5114064,195.3081103,181.3374073,185.9341345,107.2053252,90.3845166,83.80914729,89.19254133,238.7230193,203.5402439,185.5930581,196.8150381,148.729494,116.3644483,106.7767068,110.6531753,64.80481505,58.48086464,55.53681438,58.06521892,151.7271994,134.2694545,125.1945218,130.6314504,201.8040064,198.2514137,193.5898686,195.4365928,39.76864337,37.59506441,36.67852536,37.05622259,39.5443482,37.29227209,36.73349617,37.46755661
125,124,192.5628336,147.1441375,131.3428523,137.7487335,186.974349,142.5889853,127.1527054,142.4406115,252.3178141,195.8167611,181.3484842,185.9754239,108.0367527,90.78442141,83.86574227,89.42092406,240.4690245,204.4972832,185.7030353,197.2399492,149.8279203,116.6946245,106.7818467,110.6842923,65.31144257,58.79138517,55.63253848,58.29091966,152.8504613,134.9963538,125.3800264,131.0527692,203.2389697,199.6175276,194.6584814,196.6261792,40.07968017,37.83506966,36.84743441,37.24855466,39.85356688,37.5268021,36.91928367,37.69840705
126,125,193.9828106,147.5364197,131.3431336,137.7628618,188.3570532,142.9636444,127.1528952,142.7252789,254.1207954,196.3251454,181.3589676,186.0150487,108.8675527,91.18418105,83.92059799,89.64651225,242.2121029,205.4534718,185.8094856,197.6583062,150.9246719,117.0246542,106.7867004,110.7142372,65.8177521,59.10178711,55.72628962,58.51484328,153.9720528,135.7225694,125.5613904,131.4694665,204.6709007,200.9809132,195.7208148,197.811253,40.39052391,38.07488006,37.01492245,37.4399036,40.16259261,37.76104046,37.10374925,37.9286764
127,126,195.4007847,147.9285557,131.3433928,137.7763439,189.7378681,143.3381705,127.1530698,143.0080802,255.920357,196.833264,181.3688891,186.0530758,109.6977256,91.58379576,83.97376792,89.8693401,243.9522595,206.4088106,185.9125219,198.0702104,152.0197514,117.3545375,106.791284,110.743054,66.32374386,59.41207054,55.81810848,58.73700376,155.0919765,136.4481019,125.7387064,131.8815928,206.0998059,202.3415758,196.7769057,198.9918353,40.70117471,38.31449891,37.18100143,37.63027837,40.47142552,37.99499277,37.28690231,38.15836833
128,127,196.8167585,148.3205454,131.3436317,137.7892094,191.1167965,143.7125638,127.1532306,143.2890279,257.7165053,197.341118,181.3782789,186.0895697,110.5272719,91.98326578,84.02530387,90.08944139,245.6894992,207.3633002,186.0122538,198.4757612,153.1131613,117.6842749,106.7956125,110.7707854,66.82941803,59.72223548,55.90803489,58.95741498,156.2102347,137.172952,125.9120645,132.2891983,207.5256915,203.6995209,197.8267909,200.167947,41.01163269,38.55392941,37.3456832,37.81968778,40.78006572,38.22866445,37.46875221,38.38748642
129,128,198.230735,148.712389,131.343852,137.8014865,192.4938408,144.0868244,127.1533786,143.568134,259.5092468,197.8487083,181.3871656,186.1245923,111.3561921,92.38259133,84.07525607,90.30684949,247.4238267,208.3169415,186.1087872,198.8750567,154.2049041,118.0138663,106.7997,110.7974722,67.33477481,60.032282,55.99610785,59.17609072,157.32683,137.8971203,126.0815533,132.6923326,208.948564,205.0547539,198.8705068,201.3396083,41.32189797,38.79317459,37.50897951,38.00814047,41.08851333,38.46206078,37.6493082,38.61603414
130,129,199.642717,149.1040865,131.3440552,137.8132021,193.8690037,144.4609522,127.1535151,143.8454106,261.298588,198.3560355,181.395576,186.1582028,112.1844867,92.78177261,84.12367319,90.52159733,249.1552471,209.2697352,186.2022249,199.2681933,155.2949825,118.3433121,106.8035601,110.8231538,67.83981442,60.34221014,56.08236557,59.39304464,158.4417649,138.6206074,126.2472589,133.0910447,210.3684298,206.4072802,199.9080897,202.5068398,41.63197067,39.0322374,37.67090203,38.19564495,41.39676847,38.69518686,37.82857951,38.8440149
131,130,201.0527073,149.4956379,131.3442428,137.8243818,195.2422878,144.8349473,127.1536409,144.1208696,263.0845352,198.8631005,181.4035359,186.1904581,113.0121561,93.18080981,84.17060242,90.73371749,250.8837651,210.2216821,186.2926659,199.655266,156.3833988,118.6726124,106.8072055,110.8478679,68.34453703,60.65201996,56.16684547,59.60829031,159.5550417,139.343414,126.409266,133.4853832,211.7852952,207.7571052,200.9395756,203.6696614,41.9418509,39.27112066,37.83146232,38.38220958,41.70483126,38.92804766,38.00657526,39.07143201
132,131,202.4607086,149.8870434,131.3444159,137.8350502,196.6136955,145.2088098,127.1537571,144.3945231,264.867095,199.369904,181.4110692,186.221413,113.8392007,93.57970312,84.21608949,90.9432421,252.6093857,211.1727828,186.3802066,200.0363684,157.4701558,119.0017673,106.810648,110.8716511,68.84894286,60.96171149,56.24958419,59.82184116,160.666663,140.0655407,126.567657,133.8753961,213.1991665,209.1042344,201.9650003,204.828093,42.25153879,39.50982709,37.99067182,38.56784258,42.01270183,39.16064799,38.18330454,39.29828868
133,132,203.8667238,150.2783028,131.3445758,137.8452306,197.9832295,145.5825396,127.1538643,144.6663828,266.6462738,199.8764465,181.4181989,186.2511199,114.6656212,93.97845269,84.26017874,91.15020293,254.3321137,212.1230383,186.4649398,200.4115925,158.5552558,119.3307771,106.813899,110.8945384,69.35303209,61.2712848,56.33061761,60.03371056,161.7766313,140.7869882,126.7225126,134.2611307,214.6100501,210.4486731,202.9843994,205.9821542,42.56103446,39.74835928,38.14854191,38.75255205,42.32038028,39.39299253,38.35877635,39.52458808
134,133,205.2707557,150.6694164,131.3447235,137.8549455,199.3508923,145.956137,127.1539634,144.9364604,268.4220779,200.3827287,181.4249467,186.279629,115.4914179,94.37705868,84.30291312,91.35463135,256.051954,213.0724491,186.5469556,200.781029,159.6387014,119.6596419,106.8169693,110.9165636,69.85680494,61.58073992,56.40998091,60.24391172,162.884949,141.5077572,126.8739119,134.642634,216.0179522,211.7904266,203.9978084,207.1318646,42.87033802,39.98671975,38.30508385,38.93634593,42.62786675,39.62508582,38.53299964,39.75033326
135,134,206.6728071,151.0603842,131.3448601,137.864216,200.7166865,146.3296018,127.154055,145.2047678,270.1945138,200.8887512,181.4313329,186.3069887,116.3165913,94.77552123,84.34433428,91.55655834,257.7689113,214.0210161,186.6263413,201.1447672,160.7204952,119.9883617,106.8198688,110.9377592,70.3602616,61.8900769,56.48770849,60.4524578,163.9916185,142.2278481,127.0219318,135.0199525,217.4228793,213.1295004,205.0052625,208.2772432,43.17944959,40.22491091,38.46030883,39.11923204,42.93516135,39.85693227,38.70598331,39.97552723
136,135,208.0728808,151.4512062,131.3449864,137.8730625,202.0806146,146.7029342,127.1541398,145.4713164,271.9635879,201.3945144,181.4373771,186.3332454,117.1411419,95.17384048,84.38448258,91.75601452,259.4829906,214.96874,186.703181,201.502895,161.8006397,120.3169368,106.8226071,110.9581563,70.86340226,62.19929579,56.56383407,60.65936182,165.0966422,142.9472617,127.1666479,135.393132,218.8248375,214.4658998,206.0067965,209.4183093,43.48836931,40.46293508,38.61422791,39.30121808,43.24226421,40.08853614,38.87773615,40.20017292